ACTIV,CMPNO,PLTNO,ARRCD,CUSNO,INVNO,SEQNO,BATCH,ARTDT,AMONT,DISCT,MCHAM,REFNO,ARGL#,COMNT,POSTD,RTCOD,TCRCD,TEXRT,FAMON,FDIST,FMCAM,IAMON,IDIST,AUDDT,AUDTM,AUDUP,AUDUS,RATGA,RAVTA,RADRN,RAFGA,RAFTA,RADBB,RAFBB,RABBC
1,10,0,P,386501,104191,1,21214,6/9/2017,-42709.1,0,0,60917,1120404,          ,P,PY,US ,1,-42709.1,0,0,-42709.1,0,6/12/2017,93557,LAURA     ,LAURA     ,0,0,0,0,0,0,0,0001-01-01
1,10,0,P,386501,104237,1,21214,6/9/2017,-26045.25,0,0,60917,1120404,          ,P,PY,US ,1,-26045.25,0,0,-26045.25,0,6/12/2017,93557,LAURA     ,LAURA     ,0,0,0,0,0,0,0,0001-01-01
1,10,0,P,386501,104238,1,21214,6/9/2017,-14565.25,0,0,60917,1120404,          ,P,PY,US ,1,-14565.25,0,0,-14565.25,0,6/12/2017,93557,LAURA     ,LAURA     ,0,0,0,0,0,0,0,0001-01-01
1,10,0,P,386501,104241,1,21214,6/9/2017,-46818,0,0,60917,1120404,          ,P,PY,US ,1,-46818,0,0,-46818,0,6/12/2017,93557,LAURA     ,LAURA     ,0,0,0,0,0,0,0,0001-01-01
1,10,0,P,386501,104303,1,21214,6/9/2017,-25118,0,0,60917,1120404,          ,P,PY,US ,1,-25118,0,0,-25118,0,6/12/2017,93557,LAURA     ,LAURA     ,0,0,0,0,0,0,0,0001-01-01
1,10,0,P,386501,104345,1,21214,6/9/2017,-162729,0,0,60917,1120404,          ,P,PY,US ,1,-162729,0,0,-162729,0,6/12/2017,93557,LAURA     ,LAURA     ,0,0,0,0,0,0,0,0001-01-01
1,10,0,P,386501,104408,1,21214,6/9/2017,-17847,0,0,60917,1120404,          ,P,PY,US ,1,-17847,0,0,-17847,0,6/12/2017,93557,LAURA     ,LAURA     ,0,0,0,0,0,0,0,0001-01-01
1,10,0,P,386501,104446,1,21214,6/9/2017,-25515,0,0,60917,1120404,          ,P,PY,US ,1,-25515,0,0,-25515,0,6/12/2017,93557,LAURA     ,LAURA     ,0,0,0,0,0,0,0,0001-01-01
1,10,0,P,507000,104389,1,21214,6/9/2017,-4080,0,0,48101,1120404,          ,P,PY,US ,1,-4080,0,0,-4080,0,6/12/2017,93339,LAURA     ,LAURA     ,0,0,0,0,0,0,0,0001-01-01
1,10,0,P,507000,104390,1,21214,6/9/2017,-4920,0,0,48101,1120404,          ,P,PY,US ,1,-4920,0,0,-4920,0,6/12/2017,93339,LAURA     ,LAURA     ,0,0,0,0,0,0,0,0001-01-01
1,10,0,P,507000,104391,1,21214,6/9/2017,-10200,0,0,48101,1120404,          ,P,PY,US ,1,-10200,0,0,-10200,0,6/12/2017,93339,LAURA     ,LAURA     ,0,0,0,0,0,0,0,0001-01-01
1,10,0,P,156101,104464,1,21215,6/12/2017,-27723.59,0,0,60517,1120404,          ,P,PY,US ,1,-27723.59,0,0,-24801.52,0,6/12/2017,102440,LAURA     ,LAURA     ,0,0,0,0,0,0,0,0001-01-01
1,10,0,A,156101,104464,2,21215,6/12/2017,-1064.15,0,0,60517,9107925003,          ,P,  ,EUR,0.9148,-973.48,0,0,-973.48,0,6/12/2017,102440,LAURA     ,LAURA     ,0,0,0,0,0,0,0,0001-01-01
1,10,0,P,558000,104488,1,21217,6/12/2017,-1155,0,0,61217,1120404,          ,P,PY,US ,1,-1155,0,0,-1155,0,6/12/2017,161658,LAURA     ,LAURA     ,0,0,0,0,0,0,0,0001-01-01
1,10,0,P,558200,104097,1,21218,6/12/2017,-1947,0,0,61217,1120404,          ,P,PY,US ,1,-1947,0,0,-1947,0,6/12/2017,161803,LAURA     ,LAURA     ,0,0,0,0,0,0,0,0001-01-01
1,10,0,P,558200,104258,1,21218,6/12/2017,-3412.5,0,0,61217,1120404,          ,P,PY,US ,1,-3412.5,0,0,-3412.5,0,6/12/2017,161803,LAURA     ,LAURA     ,0,0,0,0,0,0,0,0001-01-01
1,10,0,P,558200,104261,1,21218,6/12/2017,-20263.5,0,0,61217,1120404,          ,P,PY,US ,1,-20263.5,0,0,-20263.5,0,6/12/2017,161803,LAURA     ,LAURA     ,0,0,0,0,0,0,0,0001-01-01
1,10,0,P,19901,104500,1,21219,6/12/2017,-17220,0,0,13803,1120404,          ,P,PY,US ,1,-17220,0,0,-17220,0,6/12/2017,161824,LAURA     ,LAURA     ,0,0,0,0,0,0,0,0001-01-01
1,10,0,P,19901,104501,1,21219,6/12/2017,-10875,0,0,13803,1120404,          ,P,PY,US ,1,-10875,0,0,-10875,0,6/12/2017,161824,LAURA     ,LAURA     ,0,0,0,0,0,0,0,0001-01-01
1,10,0,P,81800,104268,1,21219,6/12/2017,-6400,0,0,248428,1120404,          ,P,PY,US ,1,-6400,0,0,-6400,0,6/12/2017,161839,LAURA     ,LAURA     ,0,0,0,0,0,0,0,0001-01-01
1,10,0,P,187200,104424,1,21219,6/12/2017,-41220,0,0,42029,1120404,          ,P,PY,US ,1,-41220,0,0,-41220,0,6/12/2017,161830,LAURA     ,LAURA     ,0,0,0,0,0,0,0,0001-01-01
1,10,0,P,510700,104491,1,21219,6/12/2017,-1051.33,0,0,100982,1120404,          ,P,PY,US ,1,-1051.33,0,0,-1051.33,0,6/12/2017,161903,LAURA     ,LAURA     ,0,0,0,0,0,0,0,0001-01-01
1,10,0,P,174000,104524,1,21221,6/13/2017,-1458,0,0,295668,1120404,          ,P,PY,US ,1,-1458,0,0,-1458,0,6/13/2017,134741,LAURA     ,LAURA     ,0,0,0,0,0,0,0,0001-01-01
1,10,0,P,47100,104371,1,21222,6/13/2017,-5854.14,0,0,61317,1120404,          ,P,PY,US ,1,-5854.14,0,0,-5854.14,0,6/13/2017,134813,LAURA     ,LAURA     ,0,0,0,0,0,0,0,0001-01-01
1,10,0,P,47100,104372,1,21222,6/13/2017,-35915,0,0,61317,1120404,          ,P,PY,US ,1,-35915,0,0,-35915,0,6/13/2017,134813,LAURA     ,LAURA     ,0,0,0,0,0,0,0,0001-01-01
1,10,0,P,47100,104373,1,21222,6/13/2017,-49940,0,0,61317,1120404,          ,P,PY,US ,1,-49940,0,0,-49940,0,6/13/2017,134813,LAURA     ,LAURA     ,0,0,0,0,0,0,0,0001-01-01
1,10,0,P,47100,104374,1,21222,6/13/2017,-1250.1,0,0,61317,1120404,          ,P,PY,US ,1,-1250.1,0,0,-1250.1,0,6/13/2017,134813,LAURA     ,LAURA     ,0,0,0,0,0,0,0,0001-01-01
1,10,0,P,47100,104384,1,21222,6/13/2017,-1131,0,0,61317,1120404,          ,P,PY,US ,1,-1131,0,0,-1131,0,6/13/2017,134813,LAURA     ,LAURA     ,0,0,0,0,0,0,0,0001-01-01
1,10,0,P,47100,104416,1,21222,6/13/2017,-10065,0,0,61317,1120404,          ,P,PY,US ,1,-10065,0,0,-10065,0,6/13/2017,134813,LAURA     ,LAURA     ,0,0,0,0,0,0,0,0001-01-01
1,10,0,P,47103,104367,1,21222,6/13/2017,-11200,0,0,61317,1120404,          ,P,PY,US ,1,-11200,0,0,-11200,0,6/13/2017,134835,LAURA     ,LAURA     ,0,0,0,0,0,0,0,0001-01-01
1,10,0,P,47103,104368,1,21222,6/13/2017,-9566.6,0,0,61317,1120404,          ,P,PY,US ,1,-9566.6,0,0,-9566.6,0,6/13/2017,134835,LAURA     ,LAURA     ,0,0,0,0,0,0,0,0001-01-01
1,10,0,P,47103,104369,1,21222,6/13/2017,-420,0,0,61317,1120404,          ,P,PY,US ,1,-420,0,0,-420,0,6/13/2017,134835,LAURA     ,LAURA     ,0,0,0,0,0,0,0,0001-01-01
1,10,0,P,47103,104396,1,21222,6/13/2017,-18057,0,0,61317,1120404,          ,P,PY,US ,1,-18057,0,0,-18057,0,6/13/2017,134835,LAURA     ,LAURA     ,0,0,0,0,0,0,0,0001-01-01
1,10,0,P,47103,104397,1,21222,6/13/2017,-17590.2,0,0,61317,1120404,          ,P,PY,US ,1,-17590.2,0,0,-17590.2,0,6/13/2017,134835,LAURA     ,LAURA     ,0,0,0,0,0,0,0,0001-01-01
1,10,0,P,47103,104398,1,21222,6/13/2017,-14191.12,0,0,61317,1120404,          ,P,PY,US ,1,-14191.12,0,0,-14191.12,0,6/13/2017,134835,LAURA     ,LAURA     ,0,0,0,0,0,0,0,0001-01-01
1,10,0,P,47104,104370,1,21222,6/13/2017,-6838.5,0,0,61317,1120404,          ,P,PY,US ,1,-6838.5,0,0,-6838.5,0,6/13/2017,134849,LAURA     ,LAURA     ,0,0,0,0,0,0,0,0001-01-01
1,10,0,P,47104,104417,1,21222,6/13/2017,-55962.9,0,0,61317,1120404,          ,P,PY,US ,1,-55962.9,0,0,-55962.9,0,6/13/2017,134849,LAURA     ,LAURA     ,0,0,0,0,0,0,0,0001-01-01
1,10,0,P,47104,104418,1,21222,6/13/2017,-13137.6,0,0,61317,1120404,          ,P,PY,US ,1,-13137.6,0,0,-13137.6,0,6/13/2017,134849,LAURA     ,LAURA     ,0,0,0,0,0,0,0,0001-01-01
1,10,0,P,47104,104419,1,21222,6/13/2017,-5159.7,0,0,61317,1120404,          ,P,PY,US ,1,-5159.7,0,0,-5159.7,0,6/13/2017,134849,LAURA     ,LAURA     ,0,0,0,0,0,0,0,0001-01-01
1,10,0,P,47104,104420,1,21222,6/13/2017,-2381.4,0,0,61317,1120404,          ,P,PY,US ,1,-2381.4,0,0,-2381.4,0,6/13/2017,134849,LAURA     ,LAURA     ,0,0,0,0,0,0,0,0001-01-01
1,10,0,P,47105,104375,1,21222,6/13/2017,-1228.5,0,0,61317,1120404,          ,P,PY,US ,1,-1228.5,0,0,-1228.5,0,6/13/2017,134857,LAURA     ,LAURA     ,0,0,0,0,0,0,0,0001-01-01
1,10,0,P,507000,104525,1,21224,6/14/2017,-6120,0,0,48178,1120404,          ,P,PY,US ,1,-6120,0,0,-6120,0,6/14/2017,143632,LAURA     ,LAURA     ,0,0,0,0,0,0,0,0001-01-01
1,10,0,P,507000,104526,1,21224,6/14/2017,-4080,0,0,48178,1120404,          ,P,PY,US ,1,-4080,0,0,-4080,0,6/14/2017,143632,LAURA     ,LAURA     ,0,0,0,0,0,0,0,0001-01-01
1,10,0,P,383400,104171,1,21236,6/15/2017,-1800,0,0,57847,1120404,          ,P,PY,US ,1,-1800,0,0,-1800,0,6/26/2017,141903,LAURA     ,LAURA     ,0,0,0,0,0,0,0,0001-01-01
1,10,0,P,325702,104245,1,21237,6/15/2017,-1583.5,0,0,61517,1120404,          ,P,PY,US ,1,-1583.5,0,0,-1583.5,0,6/26/2017,141956,LAURA     ,LAURA     ,0,0,0,0,0,0,0,0001-01-01
1,10,0,A,325702,104245,2,21237,6/15/2017,-15,0,0,61517,4180000,          ,P,  ,US ,1,-15,0,0,-15,0,6/26/2017,141956,LAURA     ,LAURA     ,0,0,0,0,0,0,0,0001-01-01
1,10,0,P,325702,104246,1,21237,6/15/2017,-13780,0,0,61517,1120404,          ,P,PY,US ,1,-13780,0,0,-13780,0,6/26/2017,141956,LAURA     ,LAURA     ,0,0,0,0,0,0,0,0001-01-01
1,10,0,P,325702,104247,1,21237,6/15/2017,-2149.5,0,0,61517,1120404,          ,P,PY,US ,1,-2149.5,0,0,-2149.5,0,6/26/2017,141956,LAURA     ,LAURA     ,0,0,0,0,0,0,0,0001-01-01
1,10,0,P,558000,104376,1,21237,6/15/2017,-919.5,0,0,61517,1120404,          ,P,PY,US ,1,-919.5,0,0,-919.5,0,6/26/2017,142218,LAURA     ,LAURA     ,0,0,0,0,0,0,0,0001-01-01
1,10,0,P,558000,104377,1,21237,6/15/2017,-990,0,0,61517,1120404,          ,P,PY,US ,1,-990,0,0,-990,0,6/26/2017,142218,LAURA     ,LAURA     ,0,0,0,0,0,0,0,0001-01-01
1,10,0,P,558000,104787,1,21237,6/15/2017,-1010.36,0,0,61517,1120404,          ,P,PY,US ,1,-1010.36,0,0,-1010.36,0,6/26/2017,142218,LAURA     ,LAURA     ,0,0,0,0,0,0,0,0001-01-01
1,10,0,P,275201,104421,1,21238,6/16/2017,-5092.5,0,0,61617,1120404,          ,P,PY,US ,1,-5092.5,0,0,-5092.5,0,6/26/2017,142537,LAURA     ,LAURA     ,0,0,0,0,0,0,0,0001-01-01
1,10,0,P,275201,104422,1,21238,6/16/2017,-6496.2,0,0,61617,1120404,          ,P,PY,US ,1,-6496.2,0,0,-6496.2,0,6/26/2017,142537,LAURA     ,LAURA     ,0,0,0,0,0,0,0,0001-01-01
1,10,0,P,275201,104423,1,21238,6/16/2017,-3307.5,0,0,61617,1120404,          ,P,PY,US ,1,-3307.5,0,0,-3307.5,0,6/26/2017,142537,LAURA     ,LAURA     ,0,0,0,0,0,0,0,0001-01-01
1,10,0,P,275201,104478,1,21238,6/16/2017,-3248.1,0,0,61617,1120404,          ,P,PY,US ,1,-3248.1,0,0,-3248.1,0,6/26/2017,142537,LAURA     ,LAURA     ,0,0,0,0,0,0,0,0001-01-01
1,10,0,P,123500,103444,1,21240,6/16/2017,-1625,0,0,61617,1120404,          ,P,PY,US ,1,-1625,0,0,-1625,0,6/26/2017,142718,LAURA     ,LAURA     ,0,0,0,0,0,0,0,0001-01-01
1,10,0,P,123500,103518,1,21240,6/16/2017,-19110,0,0,61617,1120404,          ,P,PY,US ,1,-19110,0,0,-19110,0,6/26/2017,142718,LAURA     ,LAURA     ,0,0,0,0,0,0,0,0001-01-01
1,10,0,P,166800,104356,1,21240,6/16/2017,-4410,0,0,969560,1120404,          ,P,PY,US ,1,-4410,0,0,-4410,0,6/26/2017,142705,LAURA     ,LAURA     ,0,0,0,0,0,0,0,0001-01-01
1,10,0,P,19901,104578,1,21241,6/19/2017,-42195.2,0,0,13833,1120404,          ,P,PY,US ,1,-42195.2,0,0,-42195.2,0,6/26/2017,142811,LAURA     ,LAURA     ,0,0,0,0,0,0,0,0001-01-01
1,10,0,P,225700,104298,1,21241,6/19/2017,-526.29,0,0,1084,1120404,          ,P,PY,US ,1,-526.29,0,0,-526.29,0,6/26/2017,142836,LAURA     ,LAURA     ,0,0,0,0,0,0,0,0001-01-01
1,10,0,P,225700,104299,1,21241,6/19/2017,-512.79,0,0,1084,1120404,          ,P,PY,US ,1,-512.79,0,0,-512.79,0,6/26/2017,142836,LAURA     ,LAURA     ,0,0,0,0,0,0,0,0001-01-01
1,10,0,P,225700,104300,1,21241,6/19/2017,-512.79,0,0,1084,1120404,          ,P,PY,US ,1,-512.79,0,0,-512.79,0,6/26/2017,142836,LAURA     ,LAURA     ,0,0,0,0,0,0,0,0001-01-01
1,10,0,P,225700,104316,1,21241,6/19/2017,-1183.62,0,0,1084,1120404,          ,P,PY,US ,1,-1183.62,0,0,-1183.62,0,6/26/2017,142836,LAURA     ,LAURA     ,0,0,0,0,0,0,0,0001-01-01
1,10,0,P,225700,104317,1,21241,6/19/2017,-3798.24,0,0,1084,1120404,          ,P,PY,US ,1,-3798.24,0,0,-3798.24,0,6/26/2017,142836,LAURA     ,LAURA     ,0,0,0,0,0,0,0,0001-01-01
1,10,0,P,225700,104318,1,21241,6/19/2017,-687.55,0,0,1084,1120404,          ,P,PY,US ,1,-687.55,0,0,-687.55,0,6/26/2017,142836,LAURA     ,LAURA     ,0,0,0,0,0,0,0,0001-01-01
1,10,0,P,225700,104319,1,21241,6/19/2017,-1060.3,0,0,1084,1120404,          ,P,PY,US ,1,-1060.3,0,0,-1060.3,0,6/26/2017,142836,LAURA     ,LAURA     ,0,0,0,0,0,0,0,0001-01-01
1,10,0,P,225700,104320,1,21241,6/19/2017,-1175.08,0,0,1084,1120404,          ,P,PY,US ,1,-1175.08,0,0,-1175.08,0,6/26/2017,142836,LAURA     ,LAURA     ,0,0,0,0,0,0,0,0001-01-01
1,10,0,P,225700,104322,1,21241,6/19/2017,-582.55,0,0,1084,1120404,          ,P,PY,US ,1,-582.55,0,0,-582.55,0,6/26/2017,142836,LAURA     ,LAURA     ,0,0,0,0,0,0,0,0001-01-01
1,10,0,P,225700,104323,1,21241,6/19/2017,-1013.37,0,0,1084,1120404,          ,P,PY,US ,1,-1013.37,0,0,-1013.37,0,6/26/2017,142836,LAURA     ,LAURA     ,0,0,0,0,0,0,0,0001-01-01
1,10,0,P,225700,104324,1,21241,6/19/2017,-635.05,0,0,1084,1120404,          ,P,PY,US ,1,-635.05,0,0,-635.05,0,6/26/2017,142836,LAURA     ,LAURA     ,0,0,0,0,0,0,0,0001-01-01
1,10,0,P,225700,104325,1,21241,6/19/2017,-661.08,0,0,1084,1120404,          ,P,PY,US ,1,-661.08,0,0,-661.08,0,6/26/2017,142836,LAURA     ,LAURA     ,0,0,0,0,0,0,0,0001-01-01
1,10,0,P,225700,104326,1,21241,6/19/2017,-1326.58,0,0,1084,1120404,          ,P,PY,US ,1,-1326.58,0,0,-1326.58,0,6/26/2017,142836,LAURA     ,LAURA     ,0,0,0,0,0,0,0,0001-01-01
1,10,0,P,498600,104492,1,21241,6/19/2017,-2850,0,0,14538,1120404,          ,P,PY,US ,1,-2850,0,0,-2850,0,6/26/2017,142801,LAURA     ,LAURA     ,0,0,0,0,0,0,0,0001-01-01
1,10,0,P,498600,104493,1,21241,6/19/2017,-2380,0,0,14538,1120404,          ,P,PY,US ,1,-2380,0,0,-2380,0,6/26/2017,142801,LAURA     ,LAURA     ,0,0,0,0,0,0,0,0001-01-01
1,10,0,P,498600,104494,1,21241,6/19/2017,-2600,0,0,14538,1120404,          ,P,PY,US ,1,-2600,0,0,-2600,0,6/26/2017,142801,LAURA     ,LAURA     ,0,0,0,0,0,0,0,0001-01-01
1,10,0,P,498600,104495,1,21241,6/19/2017,-2400,0,0,14538,1120404,          ,P,PY,US ,1,-2400,0,0,-2400,0,6/26/2017,142801,LAURA     ,LAURA     ,0,0,0,0,0,0,0,0001-01-01
1,10,0,P,498600,104496,1,21241,6/19/2017,-2400,0,0,14538,1120404,          ,P,PY,US ,1,-2400,0,0,-2400,0,6/26/2017,142801,LAURA     ,LAURA     ,0,0,0,0,0,0,0,0001-01-01
1,10,0,P,498600,104497,1,21241,6/19/2017,-2500,0,0,14538,1120404,          ,P,PY,US ,1,-2500,0,0,-2500,0,6/26/2017,142801,LAURA     ,LAURA     ,0,0,0,0,0,0,0,0001-01-01
1,10,0,P,498600,104498,1,21241,6/19/2017,-2600,0,0,14538,1120404,          ,P,PY,US ,1,-2600,0,0,-2600,0,6/26/2017,142801,LAURA     ,LAURA     ,0,0,0,0,0,0,0,0001-01-01
1,10,0,P,498600,104499,1,21241,6/19/2017,-2400,0,0,14538,1120404,          ,P,PY,US ,1,-2400,0,0,-2400,0,6/26/2017,142801,LAURA     ,LAURA     ,0,0,0,0,0,0,0,0001-01-01
1,10,0,P,81800,104351,1,21243,6/20/2017,-9750,0,0,248630,1120404,          ,P,PY,US ,1,-9750,0,0,-9750,0,6/26/2017,143148,LAURA     ,LAURA     ,0,0,0,0,0,0,0,0001-01-01
1,10,0,P,81800,104352,1,21243,6/20/2017,-4800,0,0,248630,1120404,          ,P,PY,US ,1,-4800,0,0,-4800,0,6/26/2017,143148,LAURA     ,LAURA     ,0,0,0,0,0,0,0,0001-01-01
1,10,0,P,81802,104349,1,21243,6/20/2017,-4800,0,0,248630,1120404,          ,P,PY,US ,1,-4800,0,0,-4800,0,6/26/2017,143128,LAURA     ,LAURA     ,0,0,0,0,0,0,0,0001-01-01
1,10,0,P,81802,104350,1,21243,6/20/2017,-4800,0,0,248630,1120404,          ,P,PY,US ,1,-4800,0,0,-4800,0,6/26/2017,143128,LAURA     ,LAURA     ,0,0,0,0,0,0,0,0001-01-01
1,10,0,P,325700,104527,1,21243,6/20/2017,-15158,0,0,167430,1120404,          ,P,PY,US ,1,-15158,0,0,-15158,0,6/26/2017,143116,LAURA     ,LAURA     ,0,0,0,0,0,0,0,0001-01-01
1,10,0,P,325700,104528,1,21243,6/20/2017,-4188,0,0,167430,1120404,          ,P,PY,US ,1,-4188,0,0,-4188,0,6/26/2017,143116,LAURA     ,LAURA     ,0,0,0,0,0,0,0,0001-01-01
1,10,0,P,325700,104529,1,21243,6/20/2017,-4960,0,0,167430,1120404,          ,P,PY,US ,1,-4960,0,0,-4960,0,6/26/2017,143116,LAURA     ,LAURA     ,0,0,0,0,0,0,0,0001-01-01
1,10,0,P,325700,104530,1,21243,6/20/2017,-3968,0,0,167430,1120404,          ,P,PY,US ,1,-3968,0,0,-3968,0,6/26/2017,143116,LAURA     ,LAURA     ,0,0,0,0,0,0,0,0001-01-01
1,10,0,P,325700,104531,1,21243,6/20/2017,-9375,0,0,167430,1120404,          ,P,PY,US ,1,-9375,0,0,-9375,0,6/26/2017,143116,LAURA     ,LAURA     ,0,0,0,0,0,0,0,0001-01-01
1,10,0,P,379100,104353,1,21243,6/20/2017,-2710,0,0,18973,1120404,          ,P,PY,US ,1,-2710,0,0,-2710,0,6/26/2017,143054,LAURA     ,LAURA     ,0,0,0,0,0,0,0,0001-01-01
1,10,0,P,379100,104354,1,21243,6/20/2017,-1633.5,0,0,18973,1120404,          ,P,PY,US ,1,-1633.5,0,0,-1633.5,0,6/26/2017,143054,LAURA     ,LAURA     ,0,0,0,0,0,0,0,0001-01-01
1,10,0,P,379100,104355,1,21243,6/20/2017,-1924.5,0,0,18973,1120404,          ,P,PY,US ,1,-1924.5,0,0,-1924.5,0,6/26/2017,143054,LAURA     ,LAURA     ,0,0,0,0,0,0,0,0001-01-01
1,10,0,P,379402,104633,1,21243,6/20/2017,-2050,0,0,42638,1120404,          ,P,PY,US ,1,-2050,0,0,-2050,0,6/26/2017,143042,LAURA     ,LAURA     ,0,0,0,0,0,0,0,0001-01-01
1,10,0,P,464700,104723,1,21243,6/20/2017,-1900,0,0,3969,1120404,          ,P,PY,US ,1,-1900,0,0,-1900,0,6/26/2017,143032,LAURA     ,LAURA     ,0,0,0,0,0,0,0,0001-01-01
1,10,0,P,464700,104724,1,21243,6/20/2017,-3400,0,0,3969,1120404,          ,P,PY,US ,1,-3400,0,0,-3400,0,6/26/2017,143032,LAURA     ,LAURA     ,0,0,0,0,0,0,0,0001-01-01
1,10,0,P,542902,104677,1,21243,6/20/2017,-992,0,0,73121,1120404,          ,P,PY,US ,1,-992,0,0,-992,0,6/26/2017,143102,LAURA     ,LAURA     ,0,0,0,0,0,0,0,0001-01-01
1,10,0,P,47100,104434,1,21244,6/20/2017,-52250,0,0,62017,1120404,          ,P,PY,US ,1,-52250,0,0,-52250,0,6/26/2017,143354,LAURA     ,LAURA     ,0,0,0,0,0,0,0,0001-01-01
1,10,0,P,47100,104435,1,21244,6/20/2017,-1488.15,0,0,62017,1120404,          ,P,PY,US ,1,-1488.15,0,0,-1488.15,0,6/26/2017,143354,LAURA     ,LAURA     ,0,0,0,0,0,0,0,0001-01-01
1,10,0,P,47100,104452,1,21244,6/20/2017,-1587.2,0,0,62017,1120404,          ,P,PY,US ,1,-1587.2,0,0,-1587.2,0,6/26/2017,143354,LAURA     ,LAURA     ,0,0,0,0,0,0,0,0001-01-01
1,10,0,P,47100,104477,1,21244,6/20/2017,-2361.3,0,0,62017,1120404,          ,P,PY,US ,1,-2361.3,0,0,-2361.3,0,6/26/2017,143354,LAURA     ,LAURA     ,0,0,0,0,0,0,0,0001-01-01
1,10,0,P,47103,104436,1,21244,6/20/2017,-22461.3,0,0,62017,1120404,          ,P,PY,US ,1,-22461.3,0,0,-22461.3,0,6/26/2017,143424,LAURA     ,LAURA     ,0,0,0,0,0,0,0,0001-01-01
1,10,0,P,47103,104441,1,21244,6/20/2017,-5493.08,0,0,62017,1120404,          ,P,PY,US ,1,-5493.08,0,0,-5493.08,0,6/26/2017,143424,LAURA     ,LAURA     ,0,0,0,0,0,0,0,0001-01-01
1,10,0,P,47103,104442,1,21244,6/20/2017,-432.04,0,0,62017,1120404,          ,P,PY,US ,1,-432.04,0,0,-432.04,0,6/26/2017,143424,LAURA     ,LAURA     ,0,0,0,0,0,0,0,0001-01-01
1,10,0,P,47104,104432,1,21244,6/20/2017,-14883.75,0,0,62017,1120404,          ,P,PY,US ,1,-14883.75,0,0,-14883.75,0,6/26/2017,143501,LAURA     ,LAURA     ,0,0,0,0,0,0,0,0001-01-01
1,10,0,P,47104,104433,1,21244,6/20/2017,-12210.24,0,0,62017,1120404,          ,P,PY,US ,1,-12210.24,0,0,-12210.24,0,6/26/2017,143501,LAURA     ,LAURA     ,0,0,0,0,0,0,0,0001-01-01
1,10,0,P,47104,104439,1,21244,6/20/2017,-1719.9,0,0,62017,1120404,          ,P,PY,US ,1,-1719.9,0,0,-1719.9,0,6/26/2017,143501,LAURA     ,LAURA     ,0,0,0,0,0,0,0,0001-01-01
1,10,0,P,47104,104450,1,21244,6/20/2017,-1388.8,0,0,62017,1120404,          ,P,PY,US ,1,-1388.8,0,0,-1388.8,0,6/26/2017,143501,LAURA     ,LAURA     ,0,0,0,0,0,0,0,0001-01-01
1,10,0,P,47104,104451,1,21244,6/20/2017,-2196.18,0,0,62017,1120404,          ,P,PY,US ,1,-2196.18,0,0,-2196.18,0,6/26/2017,143501,LAURA     ,LAURA     ,0,0,0,0,0,0,0,0001-01-01
1,10,0,P,47104,104456,1,21244,6/20/2017,-3395,0,0,62017,1120404,          ,P,PY,US ,1,-3395,0,0,-3395,0,6/26/2017,143501,LAURA     ,LAURA     ,0,0,0,0,0,0,0,0001-01-01
1,10,0,P,47104,104457,1,21244,6/20/2017,-2328,0,0,62017,1120404,          ,P,PY,US ,1,-2328,0,0,-2328,0,6/26/2017,143501,LAURA     ,LAURA     ,0,0,0,0,0,0,0,0001-01-01
1,10,0,P,47104,104458,1,21244,6/20/2017,-1058.4,0,0,62017,1120404,          ,P,PY,US ,1,-1058.4,0,0,-1058.4,0,6/26/2017,143501,LAURA     ,LAURA     ,0,0,0,0,0,0,0,0001-01-01
1,10,0,P,47104,104469,1,21244,6/20/2017,-143942.4,0,0,62017,1120404,          ,P,PY,US ,1,-143942.4,0,0,-143942.4,0,6/26/2017,143501,LAURA     ,LAURA     ,0,0,0,0,0,0,0,0001-01-01
1,10,0,P,47104,104471,1,21244,6/20/2017,-30544.8,0,0,62017,1120404,          ,P,PY,US ,1,-30544.8,0,0,-30544.8,0,6/26/2017,143501,LAURA     ,LAURA     ,0,0,0,0,0,0,0,0001-01-01
1,10,0,P,47104,104472,1,21244,6/20/2017,-14805,0,0,62017,1120404,          ,P,PY,US ,1,-14805,0,0,-14805,0,6/26/2017,143501,LAURA     ,LAURA     ,0,0,0,0,0,0,0,0001-01-01
1,10,0,P,47104,104473,1,21244,6/20/2017,-22226.4,0,0,62017,1120404,          ,P,PY,US ,1,-22226.4,0,0,-22226.4,0,6/26/2017,143501,LAURA     ,LAURA     ,0,0,0,0,0,0,0,0001-01-01
1,10,0,P,47105,104453,1,21244,6/20/2017,-9803.7,0,0,62017,1120404,          ,P,PY,US ,1,-9803.7,0,0,-9803.7,0,6/26/2017,143524,LAURA     ,LAURA     ,0,0,0,0,0,0,0,0001-01-01
1,10,0,P,47105,104454,1,21244,6/20/2017,-9492.6,0,0,62017,1120404,          ,P,PY,US ,1,-9492.6,0,0,-9492.6,0,6/26/2017,143524,LAURA     ,LAURA     ,0,0,0,0,0,0,0,0001-01-01
1,10,0,P,47105,104455,1,21244,6/20/2017,-9659.25,0,0,62017,1120404,          ,P,PY,US ,1,-9659.25,0,0,-9659.25,0,6/26/2017,143524,LAURA     ,LAURA     ,0,0,0,0,0,0,0,0001-01-01
1,10,0,P,47105,104474,1,21244,6/20/2017,-10348.25,0,0,62017,1120404,          ,P,PY,US ,1,-10348.25,0,0,-10348.25,0,6/26/2017,143524,LAURA     ,LAURA     ,0,0,0,0,0,0,0,0001-01-01
1,10,0,P,47105,104475,1,21244,6/20/2017,-9358.2,0,0,62017,1120404,          ,P,PY,US ,1,-9358.2,0,0,-9358.2,0,6/26/2017,143524,LAURA     ,LAURA     ,0,0,0,0,0,0,0,0001-01-01
1,10,0,P,47105,104476,1,21244,6/20/2017,-3750,0,0,62017,1120404,          ,P,PY,US ,1,-3750,0,0,-3750,0,6/26/2017,143524,LAURA     ,LAURA     ,0,0,0,0,0,0,0,0001-01-01
1,10,0,P,412500,104035,1,21245,6/21/2017,-4788,0,0,850158,1120404,          ,P,PY,US ,1,-4788,0,0,-4788,0,6/26/2017,143629,LAURA     ,LAURA     ,0,0,0,0,0,0,0,0001-01-01
1,10,0,P,187200,104571,1,21246,6/21/2017,-51728,0,0,42059,1120404,          ,P,PY,US ,1,-51728,0,0,-51728,0,6/26/2017,143648,LAURA     ,LAURA     ,0,0,0,0,0,0,0,0001-01-01
1,10,0,P,558200,104460,1,21247,6/21/2017,-7650,0,0,62117,1120404,          ,P,PY,US ,1,-7650,0,0,-7650,0,6/26/2017,143837,LAURA     ,LAURA     ,0,0,0,0,0,0,0,0001-01-01
1,10,0,P,558200,104621,1,21247,6/21/2017,-1123.65,0,0,62117,1120404,          ,P,PY,US ,1,-1123.65,0,0,-1123.65,0,6/26/2017,143837,LAURA     ,LAURA     ,0,0,0,0,0,0,0,0001-01-01
1,10,0,P,325702,104327,1,21248,6/21/2017,-16521,0,0,62117,1120404,          ,P,PY,US ,1,-16521,0,0,-16521,0,6/26/2017,144001,LAURA     ,LAURA     ,0,0,0,0,0,0,0,0001-01-01
1,10,0,A,325702,104327,2,21248,6/21/2017,-15,0,0,62117,4180000,          ,P,  ,US ,1,-15,0,0,-15,0,6/26/2017,144001,LAURA     ,LAURA     ,0,0,0,0,0,0,0,0001-01-01
1,10,0,P,325702,104328,1,21248,6/21/2017,-31694,0,0,62117,1120404,          ,P,PY,US ,1,-31694,0,0,-31694,0,6/26/2017,144001,LAURA     ,LAURA     ,0,0,0,0,0,0,0,0001-01-01
1,10,0,P,325702,104329,1,21248,6/21/2017,-1598.5,0,0,62117,1120404,          ,P,PY,US ,1,-1598.5,0,0,-1598.5,0,6/26/2017,144001,LAURA     ,LAURA     ,0,0,0,0,0,0,0,0001-01-01
1,10,0,P,325702,104330,1,21248,6/21/2017,-2149.5,0,0,62117,1120404,          ,P,PY,US ,1,-2149.5,0,0,-2149.5,0,6/26/2017,144001,LAURA     ,LAURA     ,0,0,0,0,0,0,0,0001-01-01
1,10,0,P,119700,104662,1,21249,6/22/2017,-551.25,0,0,62217,1120404,          ,P,PY,US ,1,-551.25,0,0,-551.25,0,6/26/2017,144127,LAURA     ,LAURA     ,0,0,0,0,0,0,0,0001-01-01
1,10,0,P,275201,104164,1,21250,6/23/2017,-6615,0,0,62317,1120404,          ,P,PY,US ,1,-6615,0,0,-6615,0,6/26/2017,145621,LAURA     ,LAURA     ,0,0,0,0,0,0,0,0001-01-01
1,10,0,P,275201,104479,1,21250,6/23/2017,-3307.5,0,0,62317,1120404,          ,P,PY,US ,1,-3307.5,0,0,-3307.5,0,6/26/2017,145621,LAURA     ,LAURA     ,0,0,0,0,0,0,0,0001-01-01
1,10,0,P,275201,104480,1,21250,6/23/2017,-3273.75,0,0,62317,1120404,          ,P,PY,US ,1,-3273.75,0,0,-3273.75,0,6/26/2017,145621,LAURA     ,LAURA     ,0,0,0,0,0,0,0,0001-01-01
1,10,0,P,275201,914479,1,21250,6/23/2017,3366.9,0,0,62317,1120404,          ,P,PY,US ,1,3366.9,0,0,3366.9,0,6/26/2017,145621,LAURA     ,LAURA     ,0,0,0,0,0,0,0,0001-01-01
1,10,0,P,111011,104642,1,21251,6/23/2017,-4813,0,0,12715,1120404,          ,P,PY,US ,1,-4813,0,0,-4813,0,6/26/2017,145858,LAURA     ,LAURA     ,0,0,0,0,0,0,0,0001-01-01
1,10,0,P,331000,104674,1,21251,6/23/2017,-1345,0,0,221087,1120404,          ,P,PY,US ,1,-1345,0,0,-1345,0,6/26/2017,145752,LAURA     ,LAURA     ,0,0,0,0,0,0,0,0001-01-01
1,10,0,P,331000,104718,1,21251,6/23/2017,-2047.5,0,0,221087,1120404,          ,P,PY,US ,1,-2047.5,0,0,-2047.5,0,6/26/2017,145752,LAURA     ,LAURA     ,0,0,0,0,0,0,0,0001-01-01
1,10,0,P,331000,104719,1,21251,6/23/2017,-1909.2,0,0,221087,1120404,          ,P,PY,US ,1,-1909.2,0,0,-1909.2,0,6/26/2017,145752,LAURA     ,LAURA     ,0,0,0,0,0,0,0,0001-01-01
1,10,0,P,19901,104652,1,21252,6/23/2017,-7923.6,0,0,13885,1120404,          ,P,PY,US ,1,-7923.6,0,0,-7923.6,0,6/26/2017,145926,LAURA     ,LAURA     ,0,0,0,0,0,0,0,0001-01-01
1,10,0,P,19901,104653,1,21252,6/23/2017,-2455.2,0,0,13885,1120404,          ,P,PY,US ,1,-2455.2,0,0,-2455.2,0,6/26/2017,145926,LAURA     ,LAURA     ,0,0,0,0,0,0,0,0001-01-01
1,10,0,P,19901,104684,1,21252,6/23/2017,-8326.4,0,0,13885,1120404,          ,P,PY,US ,1,-8326.4,0,0,-8326.4,0,6/26/2017,145926,LAURA     ,LAURA     ,0,0,0,0,0,0,0,0001-01-01
1,10,0,P,19901,104685,1,21252,6/23/2017,-910.7,0,0,13885,1120404,          ,P,PY,US ,1,-910.7,0,0,-910.7,0,6/26/2017,145926,LAURA     ,LAURA     ,0,0,0,0,0,0,0,0001-01-01
1,10,0,P,19901,104686,1,21252,6/23/2017,-4600.8,0,0,13885,1120404,          ,P,PY,US ,1,-4600.8,0,0,-4600.8,0,6/26/2017,145926,LAURA     ,LAURA     ,0,0,0,0,0,0,0,0001-01-01
1,10,0,P,19901,104687,1,21252,6/23/2017,-716.1,0,0,13885,1120404,          ,P,PY,US ,1,-716.1,0,0,-716.1,0,6/26/2017,145926,LAURA     ,LAURA     ,0,0,0,0,0,0,0,0001-01-01
1,10,0,P,410800,104165,1,21252,6/23/2017,-1011.96,0,0,20739,1120404,          ,P,PY,US ,1,-1011.96,0,0,-1011.96,0,6/26/2017,145935,LAURA     ,LAURA     ,0,0,0,0,0,0,0,0001-01-01
1,10,0,P,410800,104378,1,21252,6/23/2017,-1011.96,0,0,20739,1120404,          ,P,PY,US ,1,-1011.96,0,0,-1011.96,0,6/26/2017,145935,LAURA     ,LAURA     ,0,0,0,0,0,0,0,0001-01-01
1,10,0,P,174000,104644,1,21253,6/26/2017,-1458,0,0,295839,1120404,          ,P,PY,US ,1,-1458,0,0,-1458,0,6/26/2017,150002,LAURA     ,LAURA     ,0,0,0,0,0,0,0,0001-01-01
1,10,0,P,187200,104680,1,21253,6/26/2017,-18150,0,0,42093,1120404,          ,P,PY,US ,1,-18150,0,0,-18150,0,6/26/2017,150020,LAURA     ,LAURA     ,0,0,0,0,0,0,0,0001-01-01
1,10,0,P,187200,104681,1,21253,6/26/2017,-7740,0,0,42093,1120404,          ,P,PY,US ,1,-7740,0,0,-7740,0,6/26/2017,150020,LAURA     ,LAURA     ,0,0,0,0,0,0,0,0001-01-01
1,10,0,P,456700,104506,1,21253,6/26/2017,-531,0,0,12268,1120404,          ,P,PY,US ,1,-531,0,0,-531,0,6/26/2017,150012,LAURA     ,LAURA     ,0,0,0,0,0,0,0,0001-01-01
1,10,0,P,456700,104560,1,21253,6/26/2017,-533.78,0,0,12268,1120404,          ,P,PY,US ,1,-533.78,0,0,-533.78,0,6/26/2017,150012,LAURA     ,LAURA     ,0,0,0,0,0,0,0,0001-01-01
1,10,0,P,386501,104582,1,21255,6/27/2017,-40851,0,0,114642,1120404,          ,P,PY,US ,1,-40851,0,0,-40851,0,6/27/2017,134657,LAURA     ,LAURA     ,0,0,0,0,0,0,0,0001-01-01
1,10,0,P,510700,104682,1,21255,6/27/2017,-1847.99,0,0,101046,1120404,          ,P,PY,US ,1,-1847.99,0,0,-1847.99,0,6/27/2017,134704,LAURA     ,LAURA     ,0,0,0,0,0,0,0,0001-01-01
1,10,0,P,47100,104536,1,21256,6/27/2017,-4028.1,0,0,62717,1120404,          ,P,PY,US ,1,-4028.1,0,0,-4028.1,0,6/27/2017,134744,LAURA     ,LAURA     ,0,0,0,0,0,0,0,0001-01-01
1,10,0,P,47102,104502,1,21256,6/27/2017,-9045.25,0,0,62717,1120404,          ,P,PY,US ,1,-9045.25,0,0,-9045.25,0,6/27/2017,134916,LAURA     ,LAURA     ,0,0,0,0,0,0,0,0001-01-01
1,10,0,P,47102,104640,1,21256,6/27/2017,-13749.75,0,0,62717,1120404,          ,P,PY,US ,1,-13749.75,0,0,-13749.75,0,6/27/2017,134916,LAURA     ,LAURA     ,0,0,0,0,0,0,0,0001-01-01
1,10,0,P,47103,104484,1,21256,6/27/2017,-792.8,0,0,62717,1120404,          ,P,PY,US ,1,-792.8,0,0,-792.8,0,6/27/2017,134738,LAURA     ,LAURA     ,0,0,0,0,0,0,0,0001-01-01
1,10,0,P,47103,104504,1,21256,6/27/2017,-1560,0,0,62717,1120404,          ,P,PY,US ,1,-1560,0,0,-1560,0,6/27/2017,134738,LAURA     ,LAURA     ,0,0,0,0,0,0,0,0001-01-01
1,10,0,P,47103,104521,1,21256,6/27/2017,-21280,0,0,62717,1120404,          ,P,PY,US ,1,-21280,0,0,-21280,0,6/27/2017,134738,LAURA     ,LAURA     ,0,0,0,0,0,0,0,0001-01-01
1,10,0,P,47103,104532,1,21256,6/27/2017,-3960,0,0,62717,1120404,          ,P,PY,US ,1,-3960,0,0,-3960,0,6/27/2017,134738,LAURA     ,LAURA     ,0,0,0,0,0,0,0,0001-01-01
1,10,0,P,47103,104537,1,21256,6/27/2017,-17651.92,0,0,62717,1120404,          ,P,PY,US ,1,-17651.92,0,0,-17651.92,0,6/27/2017,134738,LAURA     ,LAURA     ,0,0,0,0,0,0,0,0001-01-01
1,10,0,P,47104,104486,1,21256,6/27/2017,-1058.4,0,0,62717,1120404,          ,P,PY,US ,1,-1058.4,0,0,-1058.4,0,6/27/2017,134806,LAURA     ,LAURA     ,0,0,0,0,0,0,0,0001-01-01
1,10,0,P,47104,104487,1,21256,6/27/2017,-529.2,0,0,62717,1120404,          ,P,PY,US ,1,-529.2,0,0,-529.2,0,6/27/2017,134806,LAURA     ,LAURA     ,0,0,0,0,0,0,0,0001-01-01
1,10,0,P,47104,104533,1,21256,6/27/2017,-5424.3,0,0,62717,1120404,          ,P,PY,US ,1,-5424.3,0,0,-5424.3,0,6/27/2017,134806,LAURA     ,LAURA     ,0,0,0,0,0,0,0,0001-01-01
1,10,0,P,47104,104544,1,21256,6/27/2017,-13701.25,0,0,62717,1120404,          ,P,PY,US ,1,-13701.25,0,0,-13701.25,0,6/27/2017,134806,LAURA     ,LAURA     ,0,0,0,0,0,0,0,0001-01-01
1,10,0,P,47104,104545,1,21256,6/27/2017,-11730.6,0,0,62717,1120404,          ,P,PY,US ,1,-11730.6,0,0,-11730.6,0,6/27/2017,134806,LAURA     ,LAURA     ,0,0,0,0,0,0,0,0001-01-01
1,10,0,P,47105,104485,1,21256,6/27/2017,-1333.8,0,0,62717,1120404,          ,P,PY,US ,1,-1333.8,0,0,-1333.8,0,6/27/2017,134905,LAURA     ,LAURA     ,0,0,0,0,0,0,0,0001-01-01
1,10,0,P,47105,104546,1,21256,6/27/2017,-10348.25,0,0,62717,1120404,          ,P,PY,US ,1,-10348.25,0,0,-10348.25,0,6/27/2017,134905,LAURA     ,LAURA     ,0,0,0,0,0,0,0,0001-01-01
1,10,0,P,47105,104547,1,21256,6/27/2017,-9184.9,0,0,62717,1120404,          ,P,PY,US ,1,-9184.9,0,0,-9184.9,0,6/27/2017,134905,LAURA     ,LAURA     ,0,0,0,0,0,0,0,0001-01-01
1,10,0,A,175000,104870,1,21258,6/27/2017,-11150,0,0,1,4160000,W/O REBATE,P,  ,US ,1,-11150,0,0,-11150,0,6/27/2017,140033,LAURA     ,LAURA     ,0,0,0,0,0,0,0,0001-01-01
1,10,0,A,175000,104876,1,21258,6/27/2017,-2160,0,0,1,4160000,W/O REBATE,P,  ,US ,1,-2160,0,0,-2160,0,6/27/2017,140033,LAURA     ,LAURA     ,0,0,0,0,0,0,0,0001-01-01
1,10,0,A,175000,917288,1,21258,6/27/2017,10035,0,0,1,4160000,W/O REBATE,P,  ,US ,1,10035,0,0,10035,0,6/27/2017,140033,LAURA     ,LAURA     ,0,0,0,0,0,0,0,0001-01-01
1,10,0,A,175000,917529,1,21258,6/27/2017,1728,0,0,1,4160000,W/O REBATE,P,  ,US ,1,1728,0,0,1728,0,6/27/2017,140033,LAURA     ,LAURA     ,0,0,0,0,0,0,0,0001-01-01
1,10,0,P,325700,104583,1,21261,6/28/2017,-23214.6,0,0,167494,1120404,          ,P,PY,US ,1,-23214.6,0,0,-23214.6,0,6/28/2017,142220,LAURA     ,LAURA     ,0,0,0,0,0,0,0,0001-01-01
1,10,0,P,325700,104584,1,21261,6/28/2017,-992,0,0,167494,1120404,          ,P,PY,US ,1,-992,0,0,-992,0,6/28/2017,142220,LAURA     ,LAURA     ,0,0,0,0,0,0,0,0001-01-01
1,10,0,P,325700,104585,1,21261,6/28/2017,-2204.5,0,0,167494,1120404,          ,P,PY,US ,1,-2204.5,0,0,-2204.5,0,6/28/2017,142220,LAURA     ,LAURA     ,0,0,0,0,0,0,0,0001-01-01
1,10,0,P,324200,104716,1,21262,6/28/2017,-2351,0,0,207199,1120404,          ,P,PY,US ,1,-2351,0,0,-2351,0,6/28/2017,142252,LAURA     ,LAURA     ,0,0,0,0,0,0,0,0001-01-01
1,10,0,A,324200,104716,2,21262,6/28/2017,-64,0,0,207199,4180000,          ,P,  ,US ,1,-64,0,0,-64,0,6/28/2017,142252,LAURA     ,LAURA     ,0,0,0,0,0,0,0,0001-01-01
1,10,0,P,71801,104676,1,21265,6/29/2017,-3272,0,0,283155,1120404,          ,P,PY,US ,1,-3272,0,0,-3272,0,6/29/2017,153327,LAURA     ,LAURA     ,0,0,0,0,0,0,0,0001-01-01
1,10,0,P,516203,104663,1,21265,6/29/2017,-1033.83,0,0,95630,1120404,          ,P,PY,US ,1,-1033.83,0,0,-1033.83,0,6/29/2017,153318,LAURA     ,LAURA     ,0,0,0,0,0,0,0,0001-01-01
1,10,0,P,189200,104431,1,21267,6/30/2017,-962.3,0,0,63017,1120404,          ,P,PY,US ,1,-962.3,0,0,-962.3,0,6/30/2017,123559,LAURA     ,LAURA     ,0,0,0,0,0,0,0,0001-01-01
1,10,0,A,189200,104431,2,21267,6/30/2017,-29.5,0,0,63017,4180000,          ,P,  ,US ,1,-29.5,0,0,-29.5,0,6/30/2017,123559,LAURA     ,LAURA     ,0,0,0,0,0,0,0,0001-01-01
1,10,0,P,331000,104744,1,21267,6/30/2017,-10800,0,0,63017,1120404,          ,P,PY,US ,1,-10800,0,0,-10800,0,6/30/2017,123448,LAURA     ,LAURA     ,0,0,0,0,0,0,0,0001-01-01
1,10,0,P,331000,104745,1,21267,6/30/2017,-3870,0,0,63017,1120404,          ,P,PY,US ,1,-3870,0,0,-3870,0,6/30/2017,123448,LAURA     ,LAURA     ,0,0,0,0,0,0,0,0001-01-01
1,10,0,P,542500,104346,1,21267,6/30/2017,-1500.94,0,0,63017,1120404,          ,P,PY,US ,1,-1500.94,0,0,-1500.94,0,6/30/2017,123457,LAURA     ,LAURA     ,0,0,0,0,0,0,0,0001-01-01
1,10,0,P,121500,104257,1,21269,7/3/2017,-18551,0,0,70317,1120404,          ,P,PY,US ,1,-18551,0,0,-18551,0,7/5/2017,142953,LAURA     ,LAURA     ,0,0,0,0,0,0,0,0001-01-01
1,10,0,A,121500,104257,2,21269,7/3/2017,-25,0,0,70317,4180000,          ,P,  ,US ,1,-25,0,0,-25,0,7/5/2017,142953,LAURA     ,LAURA     ,0,0,0,0,0,0,0,0001-01-01
1,10,0,P,275201,104548,1,21269,7/3/2017,-3368.4,0,0,70317,1120404,          ,P,PY,US ,1,-3368.4,0,0,-3368.4,0,7/5/2017,142929,LAURA     ,LAURA     ,0,0,0,0,0,0,0,0001-01-01
1,10,0,P,275201,104557,1,21269,7/3/2017,-363.75,0,0,70317,1120404,          ,P,PY,US ,1,-363.75,0,0,-363.75,0,7/5/2017,142929,LAURA     ,LAURA     ,0,0,0,0,0,0,0,0001-01-01
1,10,0,P,275201,104558,1,21269,7/3/2017,-4498.2,0,0,70317,1120404,          ,P,PY,US ,1,-4498.2,0,0,-4498.2,0,7/5/2017,142929,LAURA     ,LAURA     ,0,0,0,0,0,0,0,0001-01-01
1,10,0,P,275201,104559,1,21269,7/3/2017,-1940,0,0,70317,1120404,          ,P,PY,US ,1,-1940,0,0,-1940,0,7/5/2017,142929,LAURA     ,LAURA     ,0,0,0,0,0,0,0,0001-01-01
1,10,0,P,58100,104629,1,21270,7/3/2017,-196.31,0,0,1012,1120404,          ,P,PY,US ,1,-196.31,0,0,-196.31,0,7/5/2017,143144,LAURA     ,LAURA     ,0,0,0,0,0,0,0,0001-01-01
1,10,0,P,58100,104630,1,21270,7/3/2017,-798.22,0,0,1012,1120404,          ,P,PY,US ,1,-798.22,0,0,-798.22,0,7/5/2017,143144,LAURA     ,LAURA     ,0,0,0,0,0,0,0,0001-01-01
1,10,0,P,60800,104868,1,21270,7/3/2017,-2800,0,0,1204,1120404,          ,P,PY,US ,1,-2800,0,0,-2800,0,7/5/2017,143218,LAURA     ,LAURA     ,0,0,0,0,0,0,0,0001-01-01
1,10,0,P,60800,104869,1,21270,7/3/2017,-2800,0,0,1204,1120404,          ,P,PY,US ,1,-2800,0,0,-2800,0,7/5/2017,143218,LAURA     ,LAURA     ,0,0,0,0,0,0,0,0001-01-01
1,10,0,P,230703,104836,1,21270,7/3/2017,-1227.8,0,0,4121,1120404,          ,P,PY,US ,1,-1227.8,0,0,-1227.8,0,7/5/2017,143119,LAURA     ,LAURA     ,0,0,0,0,0,0,0,0001-01-01
1,10,0,P,386501,104654,1,21270,7/3/2017,-2061,0,0,114747,1120404,          ,P,PY,US ,1,-2061,0,0,-2061,0,7/5/2017,143159,LAURA     ,LAURA     ,0,0,0,0,0,0,0,0001-01-01
1,10,0,P,386501,104656,1,21270,7/3/2017,-85531.5,0,0,114747,1120404,          ,P,PY,US ,1,-85531.5,0,0,-85531.5,0,7/5/2017,143159,LAURA     ,LAURA     ,0,0,0,0,0,0,0,0001-01-01
1,10,0,P,386501,104657,1,21270,7/3/2017,-9274.5,0,0,114747,1120404,          ,P,PY,US ,1,-9274.5,0,0,-9274.5,0,7/5/2017,143159,LAURA     ,LAURA     ,0,0,0,0,0,0,0,0001-01-01
1,10,0,P,456700,104628,1,21270,7/3/2017,-602.79,0,0,12287,1120404,          ,P,PY,US ,1,-602.79,0,0,-602.79,0,7/5/2017,143132,LAURA     ,LAURA     ,0,0,0,0,0,0,0,0001-01-01
1,10,0,P,498600,104670,1,21270,7/3/2017,-2700,0,0,14588,1120404,          ,P,PY,US ,1,-2700,0,0,-2700,0,7/5/2017,143110,LAURA     ,LAURA     ,0,0,0,0,0,0,0,0001-01-01
1,10,0,P,498600,104671,1,21270,7/3/2017,-2450,0,0,14588,1120404,          ,P,PY,US ,1,-2450,0,0,-2450,0,7/5/2017,143110,LAURA     ,LAURA     ,0,0,0,0,0,0,0,0001-01-01
1,10,0,P,498600,104672,1,21270,7/3/2017,-3900,0,0,14588,1120404,          ,P,PY,US ,1,-3900,0,0,-3900,0,7/5/2017,143110,LAURA     ,LAURA     ,0,0,0,0,0,0,0,0001-01-01
1,10,0,P,498600,104813,1,21270,7/3/2017,-1736,0,0,14589,1120404,          ,P,PY,US ,1,-1736,0,0,-1736,0,7/5/2017,143101,LAURA     ,LAURA     ,0,0,0,0,0,0,0,0001-01-01
1,10,0,P,498600,104814,1,21270,7/3/2017,-1722,0,0,14589,1120404,          ,P,PY,US ,1,-1722,0,0,-1722,0,7/5/2017,143101,LAURA     ,LAURA     ,0,0,0,0,0,0,0,0001-01-01
1,10,0,P,498600,104815,1,21270,7/3/2017,-2405,0,0,14589,1120404,          ,P,PY,US ,1,-2405,0,0,-2405,0,7/5/2017,143101,LAURA     ,LAURA     ,0,0,0,0,0,0,0,0001-01-01
1,10,0,P,498600,104816,1,21270,7/3/2017,-1743,0,0,14589,1120404,          ,P,PY,US ,1,-1743,0,0,-1743,0,7/5/2017,143101,LAURA     ,LAURA     ,0,0,0,0,0,0,0,0001-01-01
1,10,0,P,507000,104710,1,21270,7/3/2017,-12240,0,0,48331,1120404,          ,P,PY,US ,1,-12240,0,0,-12240,0,7/5/2017,143236,LAURA     ,LAURA     ,0,0,0,0,0,0,0,0001-01-01
1,10,0,P,507000,104735,1,21270,7/3/2017,-4080,0,0,48331,1120404,          ,P,PY,US ,1,-4080,0,0,-4080,0,7/5/2017,143236,LAURA     ,LAURA     ,0,0,0,0,0,0,0,0001-01-01
1,10,0,P,507000,104736,1,21270,7/3/2017,-4080,0,0,48331,1120404,          ,P,PY,US ,1,-4080,0,0,-4080,0,7/5/2017,143236,LAURA     ,LAURA     ,0,0,0,0,0,0,0,0001-01-01
1,10,0,P,47100,104549,1,21272,7/5/2017,-1058.24,0,0,70517,1120404,          ,P,PY,US ,1,-1058.24,0,0,-1058.24,0,7/5/2017,144226,LAURA     ,LAURA     ,0,0,0,0,0,0,0,0001-01-01
1,10,0,P,47100,104550,1,21272,7/5/2017,-2160.2,0,0,70517,1120404,          ,P,PY,US ,1,-2160.2,0,0,-2160.2,0,7/5/2017,144226,LAURA     ,LAURA     ,0,0,0,0,0,0,0,0001-01-01
1,10,0,P,47100,104551,1,21272,7/5/2017,-3857.5,0,0,70517,1120404,          ,P,PY,US ,1,-3857.5,0,0,-3857.5,0,7/5/2017,144226,LAURA     ,LAURA     ,0,0,0,0,0,0,0,0001-01-01
1,10,0,P,47100,104552,1,21272,7/5/2017,-17527.1,0,0,70517,1120404,          ,P,PY,US ,1,-17527.1,0,0,-17527.1,0,7/5/2017,144226,LAURA     ,LAURA     ,0,0,0,0,0,0,0,0001-01-01
1,10,0,P,47100,104566,1,21272,7/5/2017,-1604.72,0,0,70517,1120404,          ,P,PY,US ,1,-1604.72,0,0,-1604.72,0,7/5/2017,144226,LAURA     ,LAURA     ,0,0,0,0,0,0,0,0001-01-01
1,10,0,P,47100,104609,1,21272,7/5/2017,-2098.48,0,0,70517,1120404,          ,P,PY,US ,1,-2098.48,0,0,-2098.48,0,7/5/2017,144226,LAURA     ,LAURA     ,0,0,0,0,0,0,0,0001-01-01
1,10,0,P,47100,104610,1,21272,7/5/2017,-14723.4,0,0,70517,1120404,          ,P,PY,US ,1,-14723.4,0,0,-14723.4,0,7/5/2017,144226,LAURA     ,LAURA     ,0,0,0,0,0,0,0,0001-01-01
1,10,0,P,47100,104611,1,21272,7/5/2017,-5600,0,0,70517,1120404,          ,P,PY,US ,1,-5600,0,0,-5600,0,7/5/2017,144226,LAURA     ,LAURA     ,0,0,0,0,0,0,0,0001-01-01
1,10,0,P,47103,104553,1,21272,7/5/2017,-16248.6,0,0,70517,1120404,          ,P,PY,US ,1,-16248.6,0,0,-16248.6,0,7/5/2017,144239,LAURA     ,LAURA     ,0,0,0,0,0,0,0,0001-01-01
1,10,0,P,47103,104554,1,21272,7/5/2017,-27029.94,0,0,70517,1120404,          ,P,PY,US ,1,-27029.94,0,0,-27029.94,0,7/5/2017,144239,LAURA     ,LAURA     ,0,0,0,0,0,0,0,0001-01-01
1,10,0,P,47103,104614,1,21272,7/5/2017,-3150,0,0,70517,1120404,          ,P,PY,US ,1,-3150,0,0,-3150,0,7/5/2017,144239,LAURA     ,LAURA     ,0,0,0,0,0,0,0,0001-01-01
1,10,0,P,47104,104569,1,21272,7/5/2017,-34530.3,0,0,70517,1120404,          ,P,PY,US ,1,-34530.3,0,0,-34530.3,0,7/5/2017,144256,LAURA     ,LAURA     ,0,0,0,0,0,0,0,0001-01-01
1,10,0,P,47104,104589,1,21272,7/5/2017,-2788.75,0,0,70517,1120404,          ,P,PY,US ,1,-2788.75,0,0,-2788.75,0,7/5/2017,144256,LAURA     ,LAURA     ,0,0,0,0,0,0,0,0001-01-01
1,10,0,P,47104,104590,1,21272,7/5/2017,-5239.08,0,0,70517,1120404,          ,P,PY,US ,1,-5239.08,0,0,-5239.08,0,7/5/2017,144256,LAURA     ,LAURA     ,0,0,0,0,0,0,0,0001-01-01
1,10,0,P,47104,104591,1,21272,7/5/2017,-110126.52,0,0,70517,1120404,          ,P,PY,US ,1,-110126.52,0,0,-110126.52,0,7/5/2017,144256,LAURA     ,LAURA     ,0,0,0,0,0,0,0,0001-01-01
1,10,0,P,47104,104592,1,21272,7/5/2017,-106898.4,0,0,70517,1120404,          ,P,PY,US ,1,-106898.4,0,0,-106898.4,0,7/5/2017,144256,LAURA     ,LAURA     ,0,0,0,0,0,0,0,0001-01-01
1,10,0,P,47104,104593,1,21272,7/5/2017,-58291.38,0,0,70517,1120404,          ,P,PY,US ,1,-58291.38,0,0,-58291.38,0,7/5/2017,144256,LAURA     ,LAURA     ,0,0,0,0,0,0,0,0001-01-01
1,10,0,P,47104,104612,1,21272,7/5/2017,-5821.2,0,0,70517,1120404,          ,P,PY,US ,1,-5821.2,0,0,-5821.2,0,7/5/2017,144256,LAURA     ,LAURA     ,0,0,0,0,0,0,0,0001-01-01
1,10,0,P,47104,104613,1,21272,7/5/2017,-26928,0,0,70517,1120404,          ,P,PY,US ,1,-26928,0,0,-26928,0,7/5/2017,144256,LAURA     ,LAURA     ,0,0,0,0,0,0,0,0001-01-01
1,10,0,P,47105,104555,1,21272,7/5/2017,-4380,0,0,70517,1120404,          ,P,PY,US ,1,-4380,0,0,-4380,0,7/5/2017,144311,LAURA     ,LAURA     ,0,0,0,0,0,0,0,0001-01-01
1,10,0,P,47105,104556,1,21272,7/5/2017,-19164.75,0,0,70517,1120404,          ,P,PY,US ,1,-19164.75,0,0,-19164.75,0,7/5/2017,144311,LAURA     ,LAURA     ,0,0,0,0,0,0,0,0001-01-01
1,10,0,P,47105,104615,1,21272,7/5/2017,-9184.9,0,0,70517,1120404,          ,P,PY,US ,1,-9184.9,0,0,-9184.9,0,7/5/2017,144311,LAURA     ,LAURA     ,0,0,0,0,0,0,0,0001-01-01
1,10,0,P,47105,104616,1,21272,7/5/2017,-9892.8,0,0,70517,1120404,          ,P,PY,US ,1,-9892.8,0,0,-9892.8,0,7/5/2017,144311,LAURA     ,LAURA     ,0,0,0,0,0,0,0,0001-01-01
1,10,0,P,10600,104802,1,21273,7/5/2017,-13282.92,0,0,5278,1120404,          ,P,PY,US ,1,-13282.92,0,0,-13282.92,0,7/5/2017,144418,LAURA     ,LAURA     ,0,0,0,0,0,0,0,0001-01-01
1,10,0,P,19901,104737,1,21273,7/5/2017,-4296.6,0,0,13901,1120404,          ,P,PY,US ,1,-4296.6,0,0,-4296.6,0,7/5/2017,144410,LAURA     ,LAURA     ,0,0,0,0,0,0,0,0001-01-01
1,10,0,P,19901,104738,1,21273,7/5/2017,-6240.3,0,0,13901,1120404,          ,P,PY,US ,1,-6240.3,0,0,-6240.3,0,7/5/2017,144410,LAURA     ,LAURA     ,0,0,0,0,0,0,0,0001-01-01
1,10,0,P,81800,104406,1,21273,7/5/2017,-3000,0,0,248914,1120404,          ,P,PY,US ,1,-3000,0,0,-3000,0,7/5/2017,144357,LAURA     ,LAURA     ,0,0,0,0,0,0,0,0001-01-01
1,10,0,P,81800,104407,1,21273,7/5/2017,-6400,0,0,248914,1120404,          ,P,PY,US ,1,-6400,0,0,-6400,0,7/5/2017,144357,LAURA     ,LAURA     ,0,0,0,0,0,0,0,0001-01-01
1,10,0,P,325700,104658,1,21273,7/5/2017,-19666.8,0,0,167584,1120404,          ,P,PY,US ,1,-19666.8,0,0,-19666.8,0,7/5/2017,144434,LAURA     ,LAURA     ,0,0,0,0,0,0,0,0001-01-01
1,10,0,P,325700,104697,1,21273,7/5/2017,-54568.8,0,0,167584,1120404,          ,P,PY,US ,1,-54568.8,0,0,-54568.8,0,7/5/2017,144434,LAURA     ,LAURA     ,0,0,0,0,0,0,0,0001-01-01
1,10,0,P,516203,104753,1,21273,7/5/2017,-1507.84,0,0,95703,1120404,          ,P,PY,US ,1,-1507.84,0,0,-1507.84,0,7/5/2017,144443,LAURA     ,LAURA     ,0,0,0,0,0,0,0,0001-01-01
1,10,0,P,576000,104348,1,21273,7/5/2017,-1016.4,0,0,14243,1120404,          ,P,PY,US ,1,-1016.4,0,0,-1016.4,0,7/5/2017,144348,LAURA     ,LAURA     ,0,0,0,0,0,0,0,0001-01-01
1,10,0,P,576000,104379,1,21273,7/5/2017,-1385,0,0,14243,1120404,          ,P,PY,US ,1,-1385,0,0,-1385,0,7/5/2017,144348,LAURA     ,LAURA     ,0,0,0,0,0,0,0,0001-01-01
1,10,0,P,169002,104715,1,21277,7/6/2017,-3300,0,0,378979,1120404,          ,P,PY,US ,1,-3300,0,0,-3300,0,7/7/2017,101453,LAURA     ,LAURA     ,0,0,0,0,0,0,0,0001-01-01
1,10,0,P,169400,103560,1,21277,7/6/2017,-1172,0,0,15841,1120404,          ,P,PY,US ,1,-1172,0,0,-1172,0,7/7/2017,101503,LAURA     ,LAURA     ,0,0,0,0,0,0,0,0001-01-01
1,10,0,P,379100,104622,1,21278,7/6/2017,-1390,0,0,19051,1120404,          ,P,PY,US ,1,-1390,0,0,-1390,0,7/7/2017,101519,LAURA     ,LAURA     ,0,0,0,0,0,0,0,0001-01-01
1,10,0,P,285500,104522,1,21279,7/7/2017,-1005.36,0,0,109128,1120404,          ,P,PY,US ,1,-1005.36,0,0,-1005.36,0,7/7/2017,123535,LAURA     ,LAURA     ,0,0,0,0,0,0,0,0001-01-01
1,10,0,P,73200,104632,1,21280,7/7/2017,-18050,0,0,643182,1120404,          ,P,PY,US ,1,-18050,0,0,-18050,0,7/7/2017,123552,LAURA     ,LAURA     ,0,0,0,0,0,0,0,0001-01-01
1,10,0,P,275201,104594,1,21281,7/7/2017,-3368.4,0,0,70717,1120404,          ,P,PY,US ,1,-3368.4,0,0,-3368.4,0,7/7/2017,123613,LAURA     ,LAURA     ,0,0,0,0,0,0,0,0001-01-01
1,10,0,P,275201,104617,1,21281,7/7/2017,-3152.5,0,0,70717,1120404,          ,P,PY,US ,1,-3152.5,0,0,-3152.5,0,7/7/2017,123613,LAURA     ,LAURA     ,0,0,0,0,0,0,0,0001-01-01
1,10,0,P,275201,104618,1,21281,7/7/2017,-3488.7,0,0,70717,1120404,          ,P,PY,US ,1,-3488.7,0,0,-3488.7,0,7/7/2017,123613,LAURA     ,LAURA     ,0,0,0,0,0,0,0,0001-01-01
1,10,0,P,275201,104619,1,21281,7/7/2017,-3307.5,0,0,70717,1120404,          ,P,PY,US ,1,-3307.5,0,0,-3307.5,0,7/7/2017,123613,LAURA     ,LAURA     ,0,0,0,0,0,0,0,0001-01-01
1,10,0,P,275201,104620,1,21281,7/7/2017,-3031.25,0,0,70717,1120404,          ,P,PY,US ,1,-3031.25,0,0,-3031.25,0,7/7/2017,123613,LAURA     ,LAURA     ,0,0,0,0,0,0,0,0001-01-01
1,10,0,P,456400,104747,1,21284,7/10/2017,-13448.5,0,0,2682,1120404,          ,P,PY,US ,1,-13448.5,0,0,-13448.5,0,7/10/2017,152746,LAURA     ,LAURA     ,0,0,0,0,0,0,0,0001-01-01
1,10,0,P,536401,104819,1,21284,7/10/2017,-2600,0,0,13182,1120404,          ,P,PY,US ,1,-2600,0,0,-2600,0,7/10/2017,152757,LAURA     ,LAURA     ,0,0,0,0,0,0,0,0001-01-01
1,10,0,P,536401,104820,1,21284,7/10/2017,-5200,0,0,13182,1120404,          ,P,PY,US ,1,-5200,0,0,-5200,0,7/10/2017,152757,LAURA     ,LAURA     ,0,0,0,0,0,0,0,0001-01-01
1,10,0,P,536401,104821,1,21284,7/10/2017,-7800,0,0,13182,1120404,          ,P,PY,US ,1,-7800,0,0,-7800,0,7/10/2017,152757,LAURA     ,LAURA     ,0,0,0,0,0,0,0,0001-01-01
1,10,0,P,536401,104822,1,21284,7/10/2017,-7800,0,0,13182,1120404,          ,P,PY,US ,1,-7800,0,0,-7800,0,7/10/2017,152757,LAURA     ,LAURA     ,0,0,0,0,0,0,0,0001-01-01
1,10,0,P,117500,104380,1,21285,7/10/2017,-5159.69,0,0,71017,1120404,          ,P,PY,US ,1,-5159.69,0,0,-5159.69,0,7/10/2017,152835,LAURA     ,LAURA     ,0,0,0,0,0,0,0,0001-01-01
1,10,0,A,117500,104380,2,21285,7/10/2017,-25,0,0,71017,4180000,          ,P,  ,US ,1,-25,0,0,-25,0,7/10/2017,152835,LAURA     ,LAURA     ,0,0,0,0,0,0,0,0001-01-01
1,10,0,P,117500,104381,1,21285,7/10/2017,-5832.96,0,0,71017,1120404,          ,P,PY,US ,1,-5832.96,0,0,-5832.96,0,7/10/2017,152835,LAURA     ,LAURA     ,0,0,0,0,0,0,0,0001-01-01
1,10,0,P,117500,104382,1,21285,7/10/2017,-10396.16,0,0,71017,1120404,          ,P,PY,US ,1,-10396.16,0,0,-10396.16,0,7/10/2017,152835,LAURA     ,LAURA     ,0,0,0,0,0,0,0,0001-01-01
1,10,0,P,117500,104383,1,21285,7/10/2017,-8332.8,0,0,71017,1120404,          ,P,PY,US ,1,-8332.8,0,0,-8332.8,0,7/10/2017,152835,LAURA     ,LAURA     ,0,0,0,0,0,0,0,0001-01-01
1,10,0,P,47100,104645,1,21288,7/11/2017,-2098.48,0,0,71117,1120404,          ,P,PY,US ,1,-2098.48,0,0,-2098.48,0,7/11/2017,143039,LAURA     ,LAURA     ,0,0,0,0,0,0,0,0001-01-01
1,10,0,P,47103,104626,1,21288,7/11/2017,-9011.12,0,0,71117,1120404,          ,P,PY,US ,1,-9011.12,0,0,-9011.12,0,7/11/2017,143055,LAURA     ,LAURA     ,0,0,0,0,0,0,0,0001-01-01
1,10,0,P,47103,104627,1,21288,7/11/2017,-594.6,0,0,71117,1120404,          ,P,PY,US ,1,-594.6,0,0,-594.6,0,7/11/2017,143055,LAURA     ,LAURA     ,0,0,0,0,0,0,0,0001-01-01
1,10,0,P,47104,104646,1,21288,7/11/2017,-23284.8,0,0,71117,1120404,          ,P,PY,US ,1,-23284.8,0,0,-23284.8,0,7/11/2017,143114,LAURA     ,LAURA     ,0,0,0,0,0,0,0,0001-01-01
1,10,0,P,47104,104647,1,21288,7/11/2017,-74881.8,0,0,71117,1120404,          ,P,PY,US ,1,-74881.8,0,0,-74881.8,0,7/11/2017,143114,LAURA     ,LAURA     ,0,0,0,0,0,0,0,0001-01-01
1,10,0,P,47104,104648,1,21288,7/11/2017,-70931.25,0,0,71117,1120404,          ,P,PY,US ,1,-70931.25,0,0,-70931.25,0,7/11/2017,143114,LAURA     ,LAURA     ,0,0,0,0,0,0,0,0001-01-01
1,10,0,P,47104,104649,1,21288,7/11/2017,-5383.5,0,0,71117,1120404,          ,P,PY,US ,1,-5383.5,0,0,-5383.5,0,7/11/2017,143114,LAURA     ,LAURA     ,0,0,0,0,0,0,0,0001-01-01
1,10,0,P,47104,104688,1,21288,7/11/2017,-6482.7,0,0,71117,1120404,          ,P,PY,US ,1,-6482.7,0,0,-6482.7,0,7/11/2017,143114,LAURA     ,LAURA     ,0,0,0,0,0,0,0,0001-01-01
1,10,0,P,47104,104689,1,21288,7/11/2017,-5556.6,0,0,71117,1120404,          ,P,PY,US ,1,-5556.6,0,0,-5556.6,0,7/11/2017,143114,LAURA     ,LAURA     ,0,0,0,0,0,0,0,0001-01-01
1,10,0,P,47104,104695,1,21288,7/11/2017,-13781.25,0,0,71117,1120404,          ,P,PY,US ,1,-13781.25,0,0,-13781.25,0,7/11/2017,143114,LAURA     ,LAURA     ,0,0,0,0,0,0,0,0001-01-01
1,10,0,P,47104,104696,1,21288,7/11/2017,-13701.25,0,0,71117,1120404,          ,P,PY,US ,1,-13701.25,0,0,-13701.25,0,7/11/2017,143114,LAURA     ,LAURA     ,0,0,0,0,0,0,0,0001-01-01
1,10,0,P,47105,104623,1,21288,7/11/2017,-3808,0,0,71117,1120404,          ,P,PY,US ,1,-3808,0,0,-3808,0,7/11/2017,143158,LAURA     ,LAURA     ,0,0,0,0,0,0,0,0001-01-01
1,10,0,P,47105,104624,1,21288,7/11/2017,-2457,0,0,71117,1120404,          ,P,PY,US ,1,-2457,0,0,-2457,0,7/11/2017,143158,LAURA     ,LAURA     ,0,0,0,0,0,0,0,0001-01-01
1,10,0,P,47105,104690,1,21288,7/11/2017,-9184.9,0,0,71117,1120404,          ,P,PY,US ,1,-9184.9,0,0,-9184.9,0,7/11/2017,143158,LAURA     ,LAURA     ,0,0,0,0,0,0,0,0001-01-01
1,10,0,P,47105,104691,1,21288,7/11/2017,-10543.5,0,0,71117,1120404,          ,P,PY,US ,1,-10543.5,0,0,-10543.5,0,7/11/2017,143158,LAURA     ,LAURA     ,0,0,0,0,0,0,0,0001-01-01
1,10,0,P,47105,104692,1,21288,7/11/2017,-9857.7,0,0,71117,1120404,          ,P,PY,US ,1,-9857.7,0,0,-9857.7,0,7/11/2017,143158,LAURA     ,LAURA     ,0,0,0,0,0,0,0,0001-01-01
1,10,0,P,232001,104661,1,21290,7/11/2017,-18070,0,0,469958,1120404,          ,P,PY,US ,1,-18070,0,0,-18070,0,7/11/2017,143509,LAURA     ,LAURA     ,0,0,0,0,0,0,0,0001-01-01
1,10,0,P,507000,104388,1,21290,7/11/2017,-6120,0,0,48371,1120404,          ,P,PY,US ,1,-6120,0,0,-6120,0,7/11/2017,143500,LAURA     ,LAURA     ,0,0,0,0,0,0,0,0001-01-01
1,10,0,P,325702,104849,1,21291,7/11/2017,-608.75,0,0,71117,1120404,          ,P,PY,US ,1,-608.75,0,0,-608.75,0,7/11/2017,143606,LAURA     ,LAURA     ,0,0,0,0,0,0,0,0001-01-01
1,10,0,P,558200,104712,1,21291,7/11/2017,-1049.75,0,0,71117,1120404,          ,P,PY,US ,1,-1049.75,0,0,-1049.75,0,7/11/2017,143540,LAURA     ,LAURA     ,0,0,0,0,0,0,0,0001-01-01
1,10,0,P,558200,104713,1,21291,7/11/2017,-3412.5,0,0,71117,1120404,          ,P,PY,US ,1,-3412.5,0,0,-3412.5,0,7/11/2017,143540,LAURA     ,LAURA     ,0,0,0,0,0,0,0,0001-01-01
1,10,0,A,175000,105027,1,21292,7/11/2017,-27200,0,0,1,4160000,W/O REBATE,P,  ,US ,1,-27200,0,0,-27200,0,7/11/2017,150136,LAURA     ,LAURA     ,0,0,0,0,0,0,0,0001-01-01
1,10,0,A,175000,105028,1,21292,7/11/2017,-29900,0,0,1,4160000,W/O REBATE,P,  ,US ,1,-29900,0,0,-29900,0,7/11/2017,150136,LAURA     ,LAURA     ,0,0,0,0,0,0,0,0001-01-01
1,10,0,A,175000,917790,1,21292,7/11/2017,22032,0,0,1,4160000,W/O REBATE,P,  ,US ,1,22032,0,0,22032,0,7/11/2017,150136,LAURA     ,LAURA     ,0,0,0,0,0,0,0,0001-01-01
1,10,0,A,175000,917791,1,21292,7/11/2017,24219,0,0,1,4160000,W/O REBATE,P,  ,US ,1,24219,0,0,24219,0,7/11/2017,150136,LAURA     ,LAURA     ,0,0,0,0,0,0,0,0001-01-01
1,10,0,A,325702,104395,1,21293,7/11/2017,-1047.25,0,0,1,4180000,W/O DISC  ,P,  ,US ,1,-1047.25,0,0,-1047.25,0,7/11/2017,150258,LAURA     ,LAURA     ,0,0,0,0,0,0,0,0001-01-01
1,10,0,A,325702,914245,1,21293,7/11/2017,1032.25,0,0,1,4180000,W/O DISC  ,P,  ,US ,1,1032.25,0,0,1032.25,0,7/11/2017,150258,LAURA     ,LAURA     ,0,0,0,0,0,0,0,0001-01-01
1,10,0,A,94900,104977,1,21294,7/12/2017,-2756,0,0,1,1210000,          ,P,  ,US ,1,-2756,0,0,-2756,0,7/12/2017,122142,LAURA     ,LAURA     ,0,0,0,0,0,0,0,0001-01-01
1,10,0,A,94900,961217,1,21294,7/12/2017,2756,0,0,1,1210000,          ,P,  ,US ,1,2756,0,0,2756,0,7/12/2017,122142,LAURA     ,LAURA     ,0,0,0,0,0,0,0,0001-01-01
1,10,0,A,269000,103640,1,21295,7/12/2017,-2.28,0,0,1,4180000,W/O DISC  ,P,  ,US ,1,-2.28,0,0,-2.28,0,7/12/2017,122226,LAURA     ,LAURA     ,0,0,0,0,0,0,0,0001-01-01
1,10,0,A,269000,103641,1,21295,7/12/2017,-4.71,0,0,1,4180000,W/O DISC  ,P,  ,US ,1,-4.71,0,0,-4.71,0,7/12/2017,122226,LAURA     ,LAURA     ,0,0,0,0,0,0,0,0001-01-01
1,10,0,A,269000,103642,1,21295,7/12/2017,-3.65,0,0,1,4180000,W/O DISC  ,P,  ,US ,1,-3.65,0,0,-3.65,0,7/12/2017,122226,LAURA     ,LAURA     ,0,0,0,0,0,0,0,0001-01-01
1,10,0,A,269000,103775,1,21295,7/12/2017,-2.48,0,0,1,4180000,W/O DISC  ,P,  ,US ,1,-2.48,0,0,-2.48,0,7/12/2017,122226,LAURA     ,LAURA     ,0,0,0,0,0,0,0,0001-01-01
1,10,0,A,269000,103776,1,21295,7/12/2017,-0.89,0,0,1,4180000,W/O DISC  ,P,  ,US ,1,-0.89,0,0,-0.89,0,7/12/2017,122226,LAURA     ,LAURA     ,0,0,0,0,0,0,0,0001-01-01
1,10,0,A,269000,103777,1,21295,7/12/2017,-0.33,0,0,1,4180000,W/O DISC  ,P,  ,US ,1,-0.33,0,0,-0.33,0,7/12/2017,122226,LAURA     ,LAURA     ,0,0,0,0,0,0,0,0001-01-01
1,10,0,A,269000,103778,1,21295,7/12/2017,-0.23,0,0,1,4180000,W/O DISC  ,P,  ,US ,1,-0.23,0,0,-0.23,0,7/12/2017,122226,LAURA     ,LAURA     ,0,0,0,0,0,0,0,0001-01-01
1,10,0,A,269000,103779,1,21295,7/12/2017,-0.07,0,0,1,4180000,W/O DISC  ,P,  ,US ,1,-0.07,0,0,-0.07,0,7/12/2017,122226,LAURA     ,LAURA     ,0,0,0,0,0,0,0,0001-01-01
1,10,0,P,345000,104412,1,21297,7/12/2017,-1354,0,0,71217,1120404,          ,P,PY,US ,1,-1354,0,0,-1354,0,7/13/2017,92906,LAURA     ,LAURA     ,0,0,0,0,0,0,0,0001-01-01
1,10,0,A,345000,104412,2,21297,7/12/2017,-21,0,0,71217,4180000,          ,P,  ,US ,1,-21,0,0,-21,0,7/13/2017,92906,LAURA     ,LAURA     ,0,0,0,0,0,0,0,0001-01-01
1,10,0,P,345000,104482,1,21297,7/12/2017,-4054,0,0,71217,1120404,          ,P,PY,US ,1,-4054,0,0,-4054,0,7/13/2017,92906,LAURA     ,LAURA     ,0,0,0,0,0,0,0,0001-01-01
1,10,0,P,345000,104483,1,21297,7/12/2017,-3984,0,0,71217,1120404,          ,P,PY,US ,1,-3984,0,0,-3984,0,7/13/2017,92906,LAURA     ,LAURA     ,0,0,0,0,0,0,0,0001-01-01
1,10,0,A,191200,104666,1,21298,7/13/2017,-600,0,0,1,1210000,          ,P,  ,US ,1,-600,0,0,-600,0,7/13/2017,102758,LAURA     ,LAURA     ,0,0,0,0,0,0,0,0001-01-01
1,10,0,A,191200,104917,1,21298,7/13/2017,600,0,0,1,1210000,          ,P,  ,US ,1,600,0,0,600,0,7/13/2017,102758,LAURA     ,LAURA     ,0,0,0,0,0,0,0,0001-01-01
1,10,0,P,175000,917286,1,21299,7/13/2017,23850,0,0,10117,1120404,          ,P,RV,US ,1,23850,0,0,23850,0,7/13/2017,110620,LAURA     ,LAURA     ,0,0,0,0,0,0,0,0001-01-01
1,10,0,P,175000,917288,2,21299,7/13/2017,10035,0,0,10117,1120404,          ,P,RV,US ,1,10035,0,0,10035,0,7/13/2017,110620,LAURA     ,LAURA     ,0,0,0,0,0,0,0,0001-01-01
1,10,0,P,175000,917305,1,21299,7/13/2017,13486.5,0,0,10117,1120404,          ,P,RV,US ,1,13486.5,0,0,13486.5,0,7/13/2017,110620,LAURA     ,LAURA     ,0,0,0,0,0,0,0,0001-01-01
1,10,0,P,175000,917288,3,21300,7/13/2017,-10035,0,0,10117,1120404,          ,P,PY,US ,1,-10035,0,0,-10035,0,7/13/2017,125625,LAURA     ,LAURA     ,0,0,0,0,0,0,0,0001-01-01
1,10,0,A,175000,817305,1,21301,7/13/2017,13486.5,0,0,1,2112990,IFF       ,P,  ,US ,1,13486.5,0,0,13486.5,0,7/13/2017,130131,LAURA     ,LAURA     ,0,0,0,0,0,0,0,0001-01-01
1,10,0,P,225700,104385,1,21302,7/13/2017,-517.67,0,0,1098,1120404,          ,P,PY,US ,1,-517.67,0,0,-517.67,0,7/13/2017,152301,LAURA     ,LAURA     ,0,0,0,0,0,0,0,0001-01-01
1,10,0,P,225700,104425,1,21302,7/13/2017,-526.29,0,0,1098,1120404,          ,P,PY,US ,1,-526.29,0,0,-526.29,0,7/13/2017,152301,LAURA     ,LAURA     ,0,0,0,0,0,0,0,0001-01-01
1,10,0,P,225700,104489,1,21302,7/13/2017,-1266.08,0,0,1098,1120404,          ,P,PY,US ,1,-1266.08,0,0,-1266.08,0,7/13/2017,152301,LAURA     ,LAURA     ,0,0,0,0,0,0,0,0001-01-01
1,10,0,P,225700,104490,1,21302,7/13/2017,-562.7,0,0,1098,1120404,          ,P,PY,US ,1,-562.7,0,0,-562.7,0,7/13/2017,152301,LAURA     ,LAURA     ,0,0,0,0,0,0,0,0001-01-01
1,10,0,P,456700,103970,1,21302,7/13/2017,-513.6,0,0,12312,1120404,          ,P,PY,US ,1,-513.6,0,0,-513.6,0,7/13/2017,152309,LAURA     ,LAURA     ,0,0,0,0,0,0,0,0001-01-01
1,10,0,P,456700,104784,1,21302,7/13/2017,-534.79,0,0,12312,1120404,          ,P,PY,US ,1,-534.79,0,0,-534.79,0,7/13/2017,152309,LAURA     ,LAURA     ,0,0,0,0,0,0,0,0001-01-01
1,10,0,P,456700,104785,1,21302,7/13/2017,-714.04,0,0,12312,1120404,          ,P,PY,US ,1,-714.04,0,0,-714.04,0,7/13/2017,152309,LAURA     ,LAURA     ,0,0,0,0,0,0,0,0001-01-01
1,10,0,A,47104,104918,1,21305,7/13/2017,-384.16,0,0,1500,0,          ,P,  ,US ,1,-384.16,0,0,-384.16,0,7/13/2017,181253,OB0460    ,OB0460    ,0,0,0,0,0,0,0,0001-01-01
1,10,0,P,19901,104714,1,21307,7/14/2017,-3335,0,0,29868,1120404,          ,P,PY,US ,1,-3335,0,0,-3335,0,7/17/2017,100356,LAURA     ,LAURA     ,0,0,0,0,0,0,0,0001-01-01
1,10,0,P,271600,104437,1,21307,7/14/2017,-752.18,0,0,40196,1120404,          ,P,PY,US ,1,-752.18,0,0,-752.18,0,7/17/2017,100437,LAURA     ,LAURA     ,0,0,0,0,0,0,0,0001-01-01
1,10,0,P,410002,104734,1,21307,7/17/2017,-5317.06,0,0,46282,1120404,          ,P,PY,US ,1,-5317.06,0,0,-5317.06,0,7/17/2017,100408,LAURA     ,LAURA     ,0,0,0,0,0,0,0,0001-01-01
1,10,0,P,544701,104779,1,21307,7/14/2017,-8071.68,0,0,1605,1120404,          ,P,PY,US ,1,-8071.68,0,0,-8071.68,0,7/17/2017,100425,LAURA     ,LAURA     ,0,0,0,0,0,0,0,0001-01-01
1,10,0,P,544701,104780,1,21307,7/14/2017,-3720.54,0,0,1605,1120404,          ,P,PY,US ,1,-3720.54,0,0,-3720.54,0,7/17/2017,100425,LAURA     ,LAURA     ,0,0,0,0,0,0,0,0001-01-01
1,10,0,P,544701,104781,1,21307,7/14/2017,-23308.75,0,0,1605,1120404,          ,P,PY,US ,1,-23308.75,0,0,-23308.75,0,7/17/2017,100425,LAURA     ,LAURA     ,0,0,0,0,0,0,0,0001-01-01
1,10,0,P,544701,921617,1,21307,7/14/2017,7292.4,0,0,1605,1120404,          ,P,PY,US ,1,7292.4,0,0,7292.4,0,7/17/2017,100425,LAURA     ,LAURA     ,0,0,0,0,0,0,0,0001-01-01
1,10,0,P,275201,104650,1,21308,7/17/2017,-3175.2,0,0,71717,1120404,          ,P,PY,US ,1,-3175.2,0,0,-3175.2,0,7/17/2017,135110,LAURA     ,LAURA     ,0,0,0,0,0,0,0,0001-01-01
1,10,0,P,275201,104651,1,21308,7/17/2017,-1804.5,0,0,71717,1120404,          ,P,PY,US ,1,-1804.5,0,0,-1804.5,0,7/17/2017,135110,LAURA     ,LAURA     ,0,0,0,0,0,0,0,0001-01-01
1,10,0,P,275201,104693,1,21308,7/17/2017,-4895.1,0,0,71717,1120404,          ,P,PY,US ,1,-4895.1,0,0,-4895.1,0,7/17/2017,135110,LAURA     ,LAURA     ,0,0,0,0,0,0,0,0001-01-01
1,10,0,P,275201,104694,1,21308,7/17/2017,-4812,0,0,71717,1120404,          ,P,PY,US ,1,-4812,0,0,-4812,0,7/17/2017,135110,LAURA     ,LAURA     ,0,0,0,0,0,0,0,0001-01-01
1,10,0,P,383100,104448,1,21308,7/17/2017,-10058,0,0,71717,1120404,          ,P,PY,US ,1,-10058,0,0,-10058,0,7/17/2017,135127,LAURA     ,LAURA     ,0,0,0,0,0,0,0,0001-01-01
1,10,0,A,383100,104448,2,21308,7/17/2017,-22,0,0,71717,4180000,          ,P,  ,US ,1,-22,0,0,-22,0,7/17/2017,135127,LAURA     ,LAURA     ,0,0,0,0,0,0,0,0001-01-01
1,10,0,P,123500,103697,1,21309,7/17/2017,-2191,0,0,71717,1120404,          ,P,PY,US ,1,-2191,0,0,-2191,0,7/17/2017,135238,LAURA     ,LAURA     ,0,0,0,0,0,0,0,0001-01-01
1,10,0,P,123500,103926,1,21309,7/17/2017,-1625,0,0,71717,1120404,          ,P,PY,US ,1,-1625,0,0,-1625,0,7/17/2017,135238,LAURA     ,LAURA     ,0,0,0,0,0,0,0,0001-01-01
1,10,0,P,123500,103927,1,21309,7/17/2017,-2503,0,0,71717,1120404,          ,P,PY,US ,1,-2503,0,0,-2503,0,7/17/2017,135238,LAURA     ,LAURA     ,0,0,0,0,0,0,0,0001-01-01
1,10,0,P,413301,104587,1,21309,7/17/2017,-5160.6,0,0,12570,1120404,          ,P,PY,US ,1,-5160.6,0,0,-5160.6,0,7/17/2017,135213,LAURA     ,LAURA     ,0,0,0,0,0,0,0,0001-01-01
1,10,0,P,413301,104588,1,21309,7/17/2017,-798,0,0,71717,1120404,          ,P,PY,US ,1,-798,0,0,-798,0,7/17/2017,135228,LAURA     ,LAURA     ,0,0,0,0,0,0,0,0001-01-01
1,10,0,P,19901,104848,1,21310,7/17/2017,-8750,0,0,13966,1120404,          ,P,PY,US ,1,-8750,0,0,-8750,0,7/17/2017,135255,LAURA     ,LAURA     ,0,0,0,0,0,0,0,0001-01-01
1,10,0,P,63000,104586,1,21310,7/17/2017,-9574.35,0,0,35921,1120404,          ,P,PY,US ,1,-9574.35,0,0,-9574.35,0,7/17/2017,135301,LAURA     ,LAURA     ,0,0,0,0,0,0,0,0001-01-01
1,10,0,P,386501,104731,1,21310,7/17/2017,-9254,0,0,114837,1120404,          ,P,PY,US ,1,-9254,0,0,-9254,0,7/17/2017,135312,LAURA     ,LAURA     ,0,0,0,0,0,0,0,0001-01-01
1,10,0,P,386501,104732,1,21310,7/17/2017,-23821,0,0,114837,1120404,          ,P,PY,US ,1,-23821,0,0,-23821,0,7/17/2017,135312,LAURA     ,LAURA     ,0,0,0,0,0,0,0,0001-01-01
1,10,0,P,386501,104733,1,21310,7/17/2017,-9180,0,0,114837,1120404,          ,P,PY,US ,1,-9180,0,0,-9180,0,7/17/2017,135312,LAURA     ,LAURA     ,0,0,0,0,0,0,0,0001-01-01
1,10,0,P,314000,104860,1,21312,7/18/2017,-1356.76,0,0,71817,1120404,          ,P,PY,US ,1,-1356.76,0,0,-1356.76,0,7/18/2017,134143,LAURA     ,LAURA     ,0,0,0,0,0,0,0,0001-01-01
1,10,0,A,314000,104860,2,21312,7/18/2017,-8.99,0,0,71817,4180000,          ,P,  ,US ,1,-8.99,0,0,-8.99,0,7/18/2017,134143,LAURA     ,LAURA     ,0,0,0,0,0,0,0,0001-01-01
1,10,0,P,390300,104541,1,21312,7/18/2017,-3084.8,0,0,71817,1120404,          ,P,PY,US ,1,-3084.8,0,0,-3084.8,0,7/18/2017,134121,LAURA     ,LAURA     ,0,0,0,0,0,0,0,0001-01-01
1,10,0,A,390300,104541,2,21312,7/18/2017,-25,0,0,71817,4180000,          ,P,  ,US ,1,-25,0,0,-25,0,7/18/2017,134121,LAURA     ,LAURA     ,0,0,0,0,0,0,0,0001-01-01
1,10,0,P,81800,104540,1,21313,7/18/2017,-1000,0,0,249164,1120404,          ,P,PY,US ,1,-1000,0,0,-1000,0,7/18/2017,134238,LAURA     ,LAURA     ,0,0,0,0,0,0,0,0001-01-01
1,10,0,P,81802,104503,1,21313,7/18/2017,-9600,0,0,249164,1120404,          ,P,PY,US ,1,-9600,0,0,-9600,0,7/18/2017,134231,LAURA     ,LAURA     ,0,0,0,0,0,0,0,0001-01-01
1,10,0,P,81802,104539,1,21313,7/18/2017,-9600,0,0,249164,1120404,          ,P,PY,US ,1,-9600,0,0,-9600,0,7/18/2017,134231,LAURA     ,LAURA     ,0,0,0,0,0,0,0,0001-01-01
1,10,0,P,383600,104510,1,21313,7/18/2017,-900,0,0,3980,1120404,          ,P,PY,US ,1,-900,0,0,-900,0,7/18/2017,134249,LAURA     ,LAURA     ,0,0,0,0,0,0,0,0001-01-01
1,10,0,P,383600,104511,1,21313,7/18/2017,-900,0,0,3980,1120404,          ,P,PY,US ,1,-900,0,0,-900,0,7/18/2017,134249,LAURA     ,LAURA     ,0,0,0,0,0,0,0,0001-01-01
1,10,0,P,383600,104512,1,21313,7/18/2017,-900,0,0,3980,1120404,          ,P,PY,US ,1,-900,0,0,-900,0,7/18/2017,134249,LAURA     ,LAURA     ,0,0,0,0,0,0,0,0001-01-01
1,10,0,P,383600,104513,1,21313,7/18/2017,-900,0,0,3980,1120404,          ,P,PY,US ,1,-900,0,0,-900,0,7/18/2017,134249,LAURA     ,LAURA     ,0,0,0,0,0,0,0,0001-01-01
1,10,0,P,383600,104514,1,21313,7/18/2017,-900,0,0,3980,1120404,          ,P,PY,US ,1,-900,0,0,-900,0,7/18/2017,134249,LAURA     ,LAURA     ,0,0,0,0,0,0,0,0001-01-01
1,10,0,P,47100,104707,1,21314,7/18/2017,-2711.74,0,0,71817,1120404,          ,P,PY,US ,1,-2711.74,0,0,-2711.74,0,7/18/2017,134326,LAURA     ,LAURA     ,0,0,0,0,0,0,0,0001-01-01
1,10,0,P,47100,104708,1,21314,7/18/2017,-7759.4,0,0,71817,1120404,          ,P,PY,US ,1,-7759.4,0,0,-7759.4,0,7/18/2017,134326,LAURA     ,LAURA     ,0,0,0,0,0,0,0,0001-01-01
1,10,0,P,47100,104709,1,21314,7/18/2017,-9072.84,0,0,71817,1120404,          ,P,PY,US ,1,-9072.84,0,0,-9072.84,0,7/18/2017,134326,LAURA     ,LAURA     ,0,0,0,0,0,0,0,0001-01-01
1,10,0,P,47100,104725,1,21314,7/18/2017,-3487,0,0,71817,1120404,          ,P,PY,US ,1,-3487,0,0,-3487,0,7/18/2017,134326,LAURA     ,LAURA     ,0,0,0,0,0,0,0,0001-01-01
1,10,0,P,47100,104726,1,21314,7/18/2017,-4471.04,0,0,71817,1120404,          ,P,PY,US ,1,-4471.04,0,0,-4471.04,0,7/18/2017,134326,LAURA     ,LAURA     ,0,0,0,0,0,0,0,0001-01-01
1,10,0,P,47100,104727,1,21314,7/18/2017,-7548,0,0,71817,1120404,          ,P,PY,US ,1,-7548,0,0,-7548,0,7/18/2017,134326,LAURA     ,LAURA     ,0,0,0,0,0,0,0,0001-01-01
1,10,0,P,47100,104763,1,21314,7/18/2017,-2221.92,0,0,71817,1120404,          ,P,PY,US ,1,-2221.92,0,0,-2221.92,0,7/18/2017,134326,LAURA     ,LAURA     ,0,0,0,0,0,0,0,0001-01-01
1,10,0,P,47103,104703,1,21314,7/18/2017,-20602.8,0,0,71817,1120404,          ,P,PY,US ,1,-20602.8,0,0,-20602.8,0,7/18/2017,134344,LAURA     ,LAURA     ,0,0,0,0,0,0,0,0001-01-01
1,10,0,P,47103,104704,1,21314,7/18/2017,-19009.8,0,0,71817,1120404,          ,P,PY,US ,1,-19009.8,0,0,-19009.8,0,7/18/2017,134344,LAURA     ,LAURA     ,0,0,0,0,0,0,0,0001-01-01
1,10,0,P,47103,104705,1,21314,7/18/2017,-7333.4,0,0,71817,1120404,          ,P,PY,US ,1,-7333.4,0,0,-7333.4,0,7/18/2017,134344,LAURA     ,LAURA     ,0,0,0,0,0,0,0,0001-01-01
1,10,0,P,47104,104698,1,21314,7/18/2017,-10716.3,0,0,71817,1120404,          ,P,PY,US ,1,-10716.3,0,0,-10716.3,0,7/18/2017,134402,LAURA     ,LAURA     ,0,0,0,0,0,0,0,0001-01-01
1,10,0,P,47104,104699,1,21314,7/18/2017,-4416,0,0,71817,1120404,          ,P,PY,US ,1,-4416,0,0,-4416,0,7/18/2017,134402,LAURA     ,LAURA     ,0,0,0,0,0,0,0,0001-01-01
1,10,0,P,47104,104700,1,21314,7/18/2017,-26570.25,0,0,71817,1120404,          ,P,PY,US ,1,-26570.25,0,0,-26570.25,0,7/18/2017,134402,LAURA     ,LAURA     ,0,0,0,0,0,0,0,0001-01-01
1,10,0,P,47104,104701,1,21314,7/18/2017,-6323.94,0,0,71817,1120404,          ,P,PY,US ,1,-6323.94,0,0,-6323.94,0,7/18/2017,134402,LAURA     ,LAURA     ,0,0,0,0,0,0,0,0001-01-01
1,10,0,P,47104,104702,1,21314,7/18/2017,-27386.1,0,0,71817,1120404,          ,P,PY,US ,1,-27386.1,0,0,-27386.1,0,7/18/2017,134402,LAURA     ,LAURA     ,0,0,0,0,0,0,0,0001-01-01
1,10,0,P,47104,104751,1,21314,7/18/2017,-52390.8,0,0,71817,1120404,          ,P,PY,US ,1,-52390.8,0,0,-52390.8,0,7/18/2017,134402,LAURA     ,LAURA     ,0,0,0,0,0,0,0,0001-01-01
1,10,0,P,47104,104752,1,21314,7/18/2017,-85333.5,0,0,71817,1120404,          ,P,PY,US ,1,-85333.5,0,0,-85333.5,0,7/18/2017,134402,LAURA     ,LAURA     ,0,0,0,0,0,0,0,0001-01-01
1,10,0,P,47104,104758,1,21314,7/18/2017,-12789,0,0,71817,1120404,          ,P,PY,US ,1,-12789,0,0,-12789,0,7/18/2017,134402,LAURA     ,LAURA     ,0,0,0,0,0,0,0,0001-01-01
1,10,0,P,47104,104759,1,21314,7/18/2017,-13604.25,0,0,71817,1120404,          ,P,PY,US ,1,-13604.25,0,0,-13604.25,0,7/18/2017,134402,LAURA     ,LAURA     ,0,0,0,0,0,0,0,0001-01-01
1,10,0,P,47104,104760,1,21314,7/18/2017,-13800,0,0,71817,1120404,          ,P,PY,US ,1,-13800,0,0,-13800,0,7/18/2017,134402,LAURA     ,LAURA     ,0,0,0,0,0,0,0,0001-01-01
1,10,0,P,47104,104761,1,21314,7/18/2017,-11686.5,0,0,71817,1120404,          ,P,PY,US ,1,-11686.5,0,0,-11686.5,0,7/18/2017,134402,LAURA     ,LAURA     ,0,0,0,0,0,0,0,0001-01-01
1,10,0,P,47104,104762,1,21314,7/18/2017,-12901,0,0,71817,1120404,          ,P,PY,US ,1,-12901,0,0,-12901,0,7/18/2017,134402,LAURA     ,LAURA     ,0,0,0,0,0,0,0,0001-01-01
1,10,0,P,47105,104625,1,21314,7/18/2017,-4342.4,0,0,71817,1120404,          ,P,PY,US ,1,-4342.4,0,0,-4342.4,0,7/18/2017,134425,LAURA     ,LAURA     ,0,0,0,0,0,0,0,0001-01-01
1,10,0,P,47105,104706,1,21314,7/18/2017,-8999.1,0,0,71817,1120404,          ,P,PY,US ,1,-8999.1,0,0,-8999.1,0,7/18/2017,134425,LAURA     ,LAURA     ,0,0,0,0,0,0,0,0001-01-01
1,10,0,P,47105,814625,1,21314,7/18/2017,212.4,0,0,71817,1120404,          ,P,PY,US ,1,212.4,0,0,212.4,0,7/18/2017,134425,LAURA     ,LAURA     ,0,0,0,0,0,0,0,0001-01-01
1,10,0,P,47105,914625,1,21314,7/18/2017,4342.4,0,0,71817,1120404,          ,P,PY,US ,1,4342.4,0,0,4342.4,0,7/18/2017,134425,LAURA     ,LAURA     ,0,0,0,0,0,0,0,0001-01-01
1,10,0,P,89000,104643,1,21316,7/19/2017,-1102.5,0,0,71917,1120404,          ,P,PY,US ,1,-1102.5,0,0,-1102.5,0,7/19/2017,105951,LAURA     ,LAURA     ,0,0,0,0,0,0,0,0001-01-01
1,10,0,P,324200,104973,1,21317,7/19/2017,-8060.58,0,0,71917,1120404,          ,P,PY,US ,1,-8060.58,0,0,-8060.58,0,7/19/2017,110043,LAURA     ,LAURA     ,0,0,0,0,0,0,0,0001-01-01
1,10,0,A,324200,104973,2,21317,7/19/2017,-219.42,0,0,71917,4180000,          ,P,  ,US ,1,-219.42,0,0,-219.42,0,7/19/2017,110043,LAURA     ,LAURA     ,0,0,0,0,0,0,0,0001-01-01
1,10,0,P,383400,104811,1,21320,7/19/2017,-1425,0,0,71917,1120404,          ,P,PY,US ,1,-1425,0,0,-1425,0,7/20/2017,94359,LAURA     ,LAURA     ,0,0,0,0,0,0,0,0001-01-01
1,10,0,P,60800,104728,1,21327,7/20/2017,-5600,0,0,1216,1120404,          ,P,PY,US ,1,-5600,0,0,-5600,0,7/20/2017,162117,LAURA     ,LAURA     ,0,0,0,0,0,0,0,0001-01-01
1,10,0,P,60800,104729,1,21327,7/20/2017,-5600,0,0,1216,1120404,          ,P,PY,US ,1,-5600,0,0,-5600,0,7/20/2017,162117,LAURA     ,LAURA     ,0,0,0,0,0,0,0,0001-01-01
1,10,0,P,81800,104470,1,21327,7/20/2017,-6000,0,0,249014,1120404,          ,P,PY,US ,1,-6000,0,0,-6000,0,7/20/2017,162127,LAURA     ,LAURA     ,0,0,0,0,0,0,0,0001-01-01
1,10,0,A,60800,105109,1,21328,7/20/2017,-24000,0,0,1,4160000,W/O REBATE,P,  ,US ,1,-24000,0,0,-24000,0,7/20/2017,162753,LAURA     ,LAURA     ,0,0,0,0,0,0,0,0001-01-01
1,10,0,A,60800,105110,1,21328,7/20/2017,-24000,0,0,1,4160000,W/O REBATE,P,  ,US ,1,-24000,0,0,-24000,0,7/20/2017,162753,LAURA     ,LAURA     ,0,0,0,0,0,0,0,0001-01-01
1,10,0,A,60800,917541,1,21328,7/20/2017,21600,0,0,1,4160000,W/O REBATE,P,  ,US ,1,21600,0,0,21600,0,7/20/2017,162753,LAURA     ,LAURA     ,0,0,0,0,0,0,0,0001-01-01
1,10,0,A,60800,917542,1,21328,7/20/2017,21600,0,0,1,4160000,W/O REBATE,P,  ,US ,1,21600,0,0,21600,0,7/20/2017,162753,LAURA     ,LAURA     ,0,0,0,0,0,0,0,0001-01-01
1,10,0,A,175000,105076,1,21329,7/20/2017,-4080,0,0,1,4160000,W/O REBATE,P,  ,US ,1,-4080,0,0,-4080,0,7/20/2017,162838,LAURA     ,LAURA     ,0,0,0,0,0,0,0,0001-01-01
1,10,0,A,175000,917690,1,21329,7/20/2017,3304.8,0,0,1,4160000,W/O REBATE,P,  ,US ,1,3304.8,0,0,3304.8,0,7/20/2017,162838,LAURA     ,LAURA     ,0,0,0,0,0,0,0,0001-01-01
1,10,0,P,275201,104764,1,21333,7/21/2017,-4895.1,0,0,72117,1120404,          ,P,PY,US ,1,-4895.1,0,0,-4895.1,0,7/26/2017,113212,LAURA     ,LAURA     ,0,0,0,0,0,0,0,0001-01-01
1,10,0,P,275201,104765,1,21333,7/21/2017,-3368.4,0,0,72117,1120404,          ,P,PY,US ,1,-3368.4,0,0,-3368.4,0,7/26/2017,113212,LAURA     ,LAURA     ,0,0,0,0,0,0,0,0001-01-01
1,10,0,P,111011,104894,1,21334,7/21/2017,-1203.25,0,0,14560,1120404,          ,P,PY,US ,1,-1203.25,0,0,-1203.25,0,7/26/2017,113249,LAURA     ,LAURA     ,0,0,0,0,0,0,0,0001-01-01
1,10,0,P,331000,104943,1,21334,7/21/2017,-1677,0,0,538325,1120404,          ,P,PY,US ,1,-1677,0,0,-1677,0,7/26/2017,113241,LAURA     ,LAURA     ,0,0,0,0,0,0,0,0001-01-01
1,10,0,P,331000,104944,1,21334,7/21/2017,-941.5,0,0,538325,1120404,          ,P,PY,US ,1,-941.5,0,0,-941.5,0,7/26/2017,113241,LAURA     ,LAURA     ,0,0,0,0,0,0,0,0001-01-01
1,10,0,P,331000,104945,1,21334,7/21/2017,-3741,0,0,538325,1120404,          ,P,PY,US ,1,-3741,0,0,-3741,0,7/26/2017,113241,LAURA     ,LAURA     ,0,0,0,0,0,0,0,0001-01-01
1,10,0,P,294900,104608,1,21335,7/21/2017,-25300,0,0,23420,1120404,          ,P,PY,US ,1,-25300,0,0,-25300,0,7/26/2017,113309,LAURA     ,LAURA     ,0,0,0,0,0,0,0,0001-01-01
1,10,0,P,325700,104803,1,21335,7/21/2017,-7342.2,0,0,167791,1120404,          ,P,PY,US ,1,-7342.2,0,0,-7342.2,0,7/26/2017,113318,LAURA     ,LAURA     ,0,0,0,0,0,0,0,0001-01-01
1,10,0,P,412500,104900,1,21336,7/24/2017,-1003.45,0,0,72417,1120404,          ,P,PY,US ,1,-1003.45,0,0,-1003.45,0,7/26/2017,113403,LAURA     ,LAURA     ,0,0,0,0,0,0,0,0001-01-01
1,10,0,P,182700,104871,1,21337,7/24/2017,-22610,0,0,101600,1120404,          ,P,PY,US ,1,-22610,0,0,-22610,0,7/26/2017,113548,LAURA     ,LAURA     ,0,0,0,0,0,0,0,0001-01-01
1,10,0,P,320500,104743,1,21337,7/24/2017,-694.5,0,0,27416,1120404,          ,P,PY,US ,1,-694.5,0,0,-694.5,0,7/26/2017,113555,LAURA     ,LAURA     ,0,0,0,0,0,0,0,0001-01-01
1,10,0,P,386501,104837,1,21337,7/24/2017,-131560.5,0,0,115033,1120404,          ,P,PY,US ,1,-131560.5,0,0,-131560.5,0,7/26/2017,113540,LAURA     ,LAURA     ,0,0,0,0,0,0,0,0001-01-01
1,10,0,P,386501,104838,1,21337,7/24/2017,-2061,0,0,115033,1120404,          ,P,PY,US ,1,-2061,0,0,-2061,0,7/26/2017,113540,LAURA     ,LAURA     ,0,0,0,0,0,0,0,0001-01-01
1,10,0,P,410000,104812,1,21337,7/24/2017,-11674.8,0,0,46358,1120404,          ,P,PY,US ,1,-11674.8,0,0,-11674.8,0,7/26/2017,113524,LAURA     ,LAURA     ,0,0,0,0,0,0,0,0001-01-01
1,10,0,P,410002,104804,1,21337,7/24/2017,-31092.25,0,0,46358,1120404,          ,P,PY,US ,1,-31092.25,0,0,-31092.25,0,7/26/2017,113515,LAURA     ,LAURA     ,0,0,0,0,0,0,0,0001-01-01
1,10,0,P,48200,104881,1,21340,7/25/2017,-2677.5,0,0,17878,1120404,          ,P,PY,US ,1,-2677.5,0,0,-2677.5,0,7/26/2017,113927,LAURA     ,LAURA     ,0,0,0,0,0,0,0,0001-01-01
1,10,0,P,48200,104882,1,21340,7/25/2017,-1929,0,0,17878,1120404,          ,P,PY,US ,1,-1929,0,0,-1929,0,7/26/2017,113927,LAURA     ,LAURA     ,0,0,0,0,0,0,0,0001-01-01
1,10,0,P,90706,104634,1,21340,7/25/2017,-14450,0,0,67783,1120404,          ,P,PY,US ,1,-14450,0,0,-14450,0,7/26/2017,113911,LAURA     ,LAURA     ,0,0,0,0,0,0,0,0001-01-01
1,10,0,P,90708,104768,1,21340,7/25/2017,-992.25,0,0,67784,1120404,          ,P,PY,US ,1,-992.25,0,0,-992.25,0,7/26/2017,113902,LAURA     ,LAURA     ,0,0,0,0,0,0,0,0001-01-01
1,10,0,P,516203,104883,1,21340,7/25/2017,-992,0,0,95961,1120404,          ,P,PY,US ,1,-992,0,0,-992,0,7/26/2017,113853,LAURA     ,LAURA     ,0,0,0,0,0,0,0,0001-01-01
1,10,0,P,47100,104767,1,21341,7/25/2017,-2130,0,0,72517,1120404,          ,P,PY,US ,1,-2130,0,0,-2130,0,7/26/2017,114203,LAURA     ,LAURA     ,0,0,0,0,0,0,0,0001-01-01
1,10,0,P,47100,104805,1,21341,7/25/2017,-5045.61,0,0,72517,1120404,          ,P,PY,US ,1,-5045.61,0,0,-5045.61,0,7/26/2017,114203,LAURA     ,LAURA     ,0,0,0,0,0,0,0,0001-01-01
1,10,0,P,47100,104806,1,21341,7/25/2017,-2777.4,0,0,72517,1120404,          ,P,PY,US ,1,-2777.4,0,0,-2777.4,0,7/26/2017,114203,LAURA     ,LAURA     ,0,0,0,0,0,0,0,0001-01-01
1,10,0,P,47100,104807,1,21341,7/25/2017,-38361.2,0,0,72517,1120404,          ,P,PY,US ,1,-38361.2,0,0,-38361.2,0,7/26/2017,114203,LAURA     ,LAURA     ,0,0,0,0,0,0,0,0001-01-01
1,10,0,P,47100,104808,1,21341,7/25/2017,-5215.32,0,0,72517,1120404,          ,P,PY,US ,1,-5215.32,0,0,-5215.32,0,7/26/2017,114203,LAURA     ,LAURA     ,0,0,0,0,0,0,0,0001-01-01
1,10,0,P,47100,104809,1,21341,7/25/2017,-6614,0,0,72517,1120404,          ,P,PY,US ,1,-6614,0,0,-6614,0,7/26/2017,114203,LAURA     ,LAURA     ,0,0,0,0,0,0,0,0001-01-01
1,10,0,P,47103,104810,1,21341,7/25/2017,-12367.68,0,0,72517,1120404,          ,P,PY,US ,1,-12367.68,0,0,-12367.68,0,7/26/2017,114214,LAURA     ,LAURA     ,0,0,0,0,0,0,0,0001-01-01
1,10,0,P,47104,104782,1,21341,7/25/2017,-6600,0,0,72517,1120404,          ,P,PY,US ,1,-6600,0,0,-6600,0,7/26/2017,114225,LAURA     ,LAURA     ,0,0,0,0,0,0,0,0001-01-01
1,10,0,P,47104,104794,1,21341,7/25/2017,-1719.9,0,0,72517,1120404,          ,P,PY,US ,1,-1719.9,0,0,-1719.9,0,7/26/2017,114225,LAURA     ,LAURA     ,0,0,0,0,0,0,0,0001-01-01
1,10,0,P,47104,104796,1,21341,7/25/2017,-75175,0,0,72517,1120404,          ,P,PY,US ,1,-75175,0,0,-75175,0,7/26/2017,114225,LAURA     ,LAURA     ,0,0,0,0,0,0,0,0001-01-01
1,10,0,P,412500,104405,1,21343,7/26/2017,-1596,0,0,890910,1120404,          ,P,PY,US ,1,-1596,0,0,-1596,0,7/26/2017,152623,LAURA     ,LAURA     ,0,0,0,0,0,0,0,0001-01-01
1,10,0,P,558200,104399,1,21343,7/26/2017,-1395,0,0,17665,1120404,          ,P,PY,US ,1,-1395,0,0,-1395,0,7/26/2017,152612,LAURA     ,LAURA     ,0,0,0,0,0,0,0,0001-01-01
1,10,0,P,558200,104400,1,21343,7/26/2017,-7655.1,0,0,17665,1120404,          ,P,PY,US ,1,-7655.1,0,0,-7655.1,0,7/26/2017,152612,LAURA     ,LAURA     ,0,0,0,0,0,0,0,0001-01-01
1,10,0,P,558200,104401,1,21343,7/26/2017,-3245,0,0,17665,1120404,          ,P,PY,US ,1,-3245,0,0,-3245,0,7/26/2017,152612,LAURA     ,LAURA     ,0,0,0,0,0,0,0,0001-01-01
1,10,0,P,558200,104402,1,21343,7/26/2017,-8157.75,0,0,17665,1120404,          ,P,PY,US ,1,-8157.75,0,0,-8157.75,0,7/26/2017,152612,LAURA     ,LAURA     ,0,0,0,0,0,0,0,0001-01-01
1,10,0,P,558200,104855,1,21343,7/26/2017,-5950,0,0,17665,1120404,          ,P,PY,US ,1,-5950,0,0,-5950,0,7/26/2017,152612,LAURA     ,LAURA     ,0,0,0,0,0,0,0,0001-01-01
1,10,0,P,558200,104856,1,21343,7/26/2017,-5516.5,0,0,17665,1120404,          ,P,PY,US ,1,-5516.5,0,0,-5516.5,0,7/26/2017,152612,LAURA     ,LAURA     ,0,0,0,0,0,0,0,0001-01-01
1,10,0,P,558200,104857,1,21343,7/26/2017,-6490,0,0,17665,1120404,          ,P,PY,US ,1,-6490,0,0,-6490,0,7/26/2017,152612,LAURA     ,LAURA     ,0,0,0,0,0,0,0,0001-01-01
1,10,0,P,558200,104858,1,21343,7/26/2017,-1395,0,0,17665,1120404,          ,P,PY,US ,1,-1395,0,0,-1395,0,7/26/2017,152612,LAURA     ,LAURA     ,0,0,0,0,0,0,0,0001-01-01
1,10,0,P,558200,104895,1,21343,7/26/2017,-4820.75,0,0,17665,1120404,          ,P,PY,US ,1,-4820.75,0,0,-4820.75,0,7/26/2017,152612,LAURA     ,LAURA     ,0,0,0,0,0,0,0,0001-01-01
1,10,0,P,558200,104896,1,21343,7/26/2017,-3562.5,0,0,17665,1120404,          ,P,PY,US ,1,-3562.5,0,0,-3562.5,0,7/26/2017,152612,LAURA     ,LAURA     ,0,0,0,0,0,0,0,0001-01-01
1,10,0,P,558200,104897,1,21343,7/26/2017,-2327.5,0,0,17665,1120404,          ,P,PY,US ,1,-2327.5,0,0,-2327.5,0,7/26/2017,152612,LAURA     ,LAURA     ,0,0,0,0,0,0,0,0001-01-01
1,10,0,P,558200,104898,1,21343,7/26/2017,-5118.75,0,0,17665,1120404,          ,P,PY,US ,1,-5118.75,0,0,-5118.75,0,7/26/2017,152612,LAURA     ,LAURA     ,0,0,0,0,0,0,0,0001-01-01
1,10,0,P,19901,104872,1,21344,7/26/2017,-18876.8,0,0,14007,1120404,          ,P,PY,US ,1,-18876.8,0,0,-18876.8,0,7/26/2017,152728,LAURA     ,LAURA     ,0,0,0,0,0,0,0,0001-01-01
1,10,0,P,19901,104873,1,21344,7/26/2017,-10147.8,0,0,14007,1120404,          ,P,PY,US ,1,-10147.8,0,0,-10147.8,0,7/26/2017,152728,LAURA     ,LAURA     ,0,0,0,0,0,0,0,0001-01-01
1,10,0,P,19901,104874,1,21344,7/26/2017,-8586.6,0,0,14007,1120404,          ,P,PY,US ,1,-8586.6,0,0,-8586.6,0,7/26/2017,152728,LAURA     ,LAURA     ,0,0,0,0,0,0,0,0001-01-01
1,10,0,P,19901,104875,1,21344,7/26/2017,-15823.2,0,0,14007,1120404,          ,P,PY,US ,1,-15823.2,0,0,-15823.2,0,7/26/2017,152728,LAURA     ,LAURA     ,0,0,0,0,0,0,0,0001-01-01
1,10,0,P,225700,104561,1,21344,7/26/2017,-617.55,0,0,1114,1120404,          ,P,PY,US ,1,-617.55,0,0,-617.55,0,7/26/2017,152710,LAURA     ,LAURA     ,0,0,0,0,0,0,0,0001-01-01
1,10,0,P,225700,104562,1,21344,7/26/2017,-1013.37,0,0,1114,1120404,          ,P,PY,US ,1,-1013.37,0,0,-1013.37,0,7/26/2017,152710,LAURA     ,LAURA     ,0,0,0,0,0,0,0,0001-01-01
1,10,0,P,225700,104579,1,21344,7/26/2017,-842.31,0,0,1114,1120404,          ,P,PY,US ,1,-842.31,0,0,-842.31,0,7/26/2017,152710,LAURA     ,LAURA     ,0,0,0,0,0,0,0,0001-01-01
1,10,0,P,225700,104580,1,21344,7/26/2017,-1688.95,0,0,1114,1120404,          ,P,PY,US ,1,-1688.95,0,0,-1688.95,0,7/26/2017,152710,LAURA     ,LAURA     ,0,0,0,0,0,0,0,0001-01-01
1,10,0,P,225700,104596,1,21344,7/26/2017,-773.58,0,0,1114,1120404,          ,P,PY,US ,1,-773.58,0,0,-773.58,0,7/26/2017,152710,LAURA     ,LAURA     ,0,0,0,0,0,0,0,0001-01-01
1,10,0,P,225700,104631,1,21344,7/26/2017,-1035.09,0,0,1116,1120404,          ,P,PY,US ,1,-1035.09,0,0,-1035.09,0,7/26/2017,152719,LAURA     ,LAURA     ,0,0,0,0,0,0,0,0001-01-01
1,10,0,P,325700,104852,1,21344,7/26/2017,-15476.4,0,0,167851,1120404,          ,P,PY,US ,1,-15476.4,0,0,-15476.4,0,7/26/2017,152649,LAURA     ,LAURA     ,0,0,0,0,0,0,0,0001-01-01
1,10,0,P,325700,104853,1,21344,7/26/2017,-13500,0,0,167851,1120404,          ,P,PY,US ,1,-13500,0,0,-13500,0,7/26/2017,152649,LAURA     ,LAURA     ,0,0,0,0,0,0,0,0001-01-01
1,10,0,P,464700,104937,1,21344,7/26/2017,-125,0,0,3987,1120404,          ,P,PY,US ,1,-125,0,0,-125,0,7/26/2017,152738,LAURA     ,LAURA     ,0,0,0,0,0,0,0,0001-01-01
1,10,0,P,464700,104938,1,21344,7/26/2017,-8500,0,0,3987,1120404,          ,P,PY,US ,1,-8500,0,0,-8500,0,7/26/2017,152738,LAURA     ,LAURA     ,0,0,0,0,0,0,0,0001-01-01
1,10,0,P,464700,104939,1,21344,7/26/2017,-1900,0,0,3987,1120404,          ,P,PY,US ,1,-1900,0,0,-1900,0,7/26/2017,152738,LAURA     ,LAURA     ,0,0,0,0,0,0,0,0001-01-01
1,10,0,P,464700,104940,1,21344,7/26/2017,-3800,0,0,3987,1120404,          ,P,PY,US ,1,-3800,0,0,-3800,0,7/26/2017,152738,LAURA     ,LAURA     ,0,0,0,0,0,0,0,0001-01-01
1,10,0,P,536401,104932,1,21347,7/27/2017,-5200,0,0,13224,1120404,          ,P,PY,US ,1,-5200,0,0,-5200,0,7/27/2017,160150,LAURA     ,LAURA     ,0,0,0,0,0,0,0,0001-01-01
1,10,0,P,536401,104933,1,21347,7/27/2017,-5200,0,0,13224,1120404,          ,P,PY,US ,1,-5200,0,0,-5200,0,7/27/2017,160150,LAURA     ,LAURA     ,0,0,0,0,0,0,0,0001-01-01
1,10,0,P,536401,104934,1,21347,7/27/2017,-5200,0,0,13224,1120404,          ,P,PY,US ,1,-5200,0,0,-5200,0,7/27/2017,160150,LAURA     ,LAURA     ,0,0,0,0,0,0,0,0001-01-01
1,10,0,P,536401,104935,1,21347,7/27/2017,-7800,0,0,13224,1120404,          ,P,PY,US ,1,-7800,0,0,-7800,0,7/27/2017,160150,LAURA     ,LAURA     ,0,0,0,0,0,0,0,0001-01-01
1,10,0,P,536401,104936,1,21347,7/27/2017,-7800,0,0,13224,1120404,          ,P,PY,US ,1,-7800,0,0,-7800,0,7/27/2017,160150,LAURA     ,LAURA     ,0,0,0,0,0,0,0,0001-01-01
1,10,0,P,275201,104833,1,21351,7/28/2017,-3704.4,0,0,72817,1120404,          ,P,PY,US ,1,-3704.4,0,0,-3704.4,0,7/31/2017,82552,LAURA     ,LAURA     ,0,0,0,0,0,0,0,0001-01-01
1,10,0,P,275201,104834,1,21351,7/28/2017,-3368.4,0,0,72817,1120404,          ,P,PY,US ,1,-3368.4,0,0,-3368.4,0,7/31/2017,82552,LAURA     ,LAURA     ,0,0,0,0,0,0,0,0001-01-01
1,10,0,P,230703,105066,1,21352,7/31/2017,-1059.1,0,0,4193,1120404,          ,N,PY,US ,1,-1059.1,0,0,-1059.1,0,7/31/2017,151510,LAURA     ,LAURA     ,0,0,0,0,0,0,0,0001-01-01
1,10,0,P,230703,105067,1,21352,7/31/2017,-1680,0,0,4193,1120404,          ,N,PY,US ,1,-1680,0,0,-1680,0,7/31/2017,151510,LAURA     ,LAURA     ,0,0,0,0,0,0,0,0001-01-01
1,10,0,P,230703,105068,1,21352,7/31/2017,-1044.4,0,0,4193,1120404,          ,N,PY,US ,1,-1044.4,0,0,-1044.4,0,7/31/2017,151510,LAURA     ,LAURA     ,0,0,0,0,0,0,0,0001-01-01
1,10,0,A,175000,105164,1,21353,7/31/2017,-12240,0,0,1,4160000,W/O REBATE,N,  ,US ,1,-12240,0,0,-12240,0,7/31/2017,152747,LAURA     ,LAURA     ,0,0,0,0,0,0,0,0001-01-01
1,10,0,A,175000,105165,1,21353,7/31/2017,-17000,0,0,1,4160000,W/O REBATE,N,  ,US ,1,-17000,0,0,-17000,0,7/31/2017,152747,LAURA     ,LAURA     ,0,0,0,0,0,0,0,0001-01-01
1,10,0,A,175000,105166,1,21353,7/31/2017,-18687.5,0,0,1,4160000,W/O REBATE,N,  ,US ,1,-18687.5,0,0,-18687.5,0,7/31/2017,152747,LAURA     ,LAURA     ,0,0,0,0,0,0,0,0001-01-01
1,10,0,A,175000,917801,1,21353,7/31/2017,9914.4,0,0,1,4160000,W/O REBATE,N,  ,US ,1,9914.4,0,0,9914.4,0,7/31/2017,152747,LAURA     ,LAURA     ,0,0,0,0,0,0,0,0001-01-01
1,10,0,A,175000,917802,1,21353,7/31/2017,13770,0,0,1,4160000,W/O REBATE,N,  ,US ,1,13770,0,0,13770,0,7/31/2017,152747,LAURA     ,LAURA     ,0,0,0,0,0,0,0,0001-01-01
1,10,0,A,175000,917803,1,21353,7/31/2017,15136.88,0,0,1,4160000,W/O REBATE,N,  ,US ,1,15136.88,0,0,15136.88,0,7/31/2017,152747,LAURA     ,LAURA     ,0,0,0,0,0,0,0,0001-01-01
1,10,0,P,390300,104746,1,21356,8/1/2017,-1529.9,0,0,80117,1120404,          ,N,PY,US ,1,-1529.9,0,0,-1529.9,0,8/1/2017,134741,LAURA     ,LAURA     ,0,0,0,0,0,0,0,0001-01-01
1,10,0,A,390300,104746,2,21356,8/1/2017,-25,0,0,80117,4180000,          ,N,  ,US ,1,-25,0,0,-25,0,8/1/2017,134741,LAURA     ,LAURA     ,0,0,0,0,0,0,0,0001-01-01
1,10,0,P,47100,104831,1,21357,8/1/2017,-5678.24,0,0,80117,1120404,          ,N,PY,US ,1,-5678.24,0,0,-5678.24,0,8/1/2017,134842,LAURA     ,LAURA     ,0,0,0,0,0,0,0,0001-01-01
1,10,0,P,47100,104832,1,21357,8/1/2017,-2160.2,0,0,80117,1120404,          ,N,PY,US ,1,-2160.2,0,0,-2160.2,0,8/1/2017,134842,LAURA     ,LAURA     ,0,0,0,0,0,0,0,0001-01-01
1,10,0,P,47104,104823,1,21357,8/1/2017,-13910.4,0,0,80117,1120404,          ,N,PY,US ,1,-13910.4,0,0,-13910.4,0,8/1/2017,135216,LAURA     ,LAURA     ,0,0,0,0,0,0,0,0001-01-01
1,10,0,P,47104,104824,1,21357,8/1/2017,-17508.5,0,0,80117,1120404,          ,N,PY,US ,1,-17508.5,0,0,-17508.5,0,8/1/2017,135216,LAURA     ,LAURA     ,0,0,0,0,0,0,0,0001-01-01
1,10,0,P,47104,104825,1,21357,8/1/2017,-20528.55,0,0,80117,1120404,          ,N,PY,US ,1,-20528.55,0,0,-20528.55,0,8/1/2017,135216,LAURA     ,LAURA     ,0,0,0,0,0,0,0,0001-01-01
1,10,0,P,47104,104826,1,21357,8/1/2017,-1587.6,0,0,80117,1120404,          ,N,PY,US ,1,-1587.6,0,0,-1587.6,0,8/1/2017,135216,LAURA     ,LAURA     ,0,0,0,0,0,0,0,0001-01-01
1,10,0,P,47104,104841,1,21357,8/1/2017,-8467.2,0,0,80117,1120404,          ,N,PY,US ,1,-8467.2,0,0,-8467.2,0,8/1/2017,135216,LAURA     ,LAURA     ,0,0,0,0,0,0,0,0001-01-01
1,10,0,P,47104,104842,1,21357,8/1/2017,-7128,0,0,80117,1120404,          ,N,PY,US ,1,-7128,0,0,-7128,0,8/1/2017,135216,LAURA     ,LAURA     ,0,0,0,0,0,0,0,0001-01-01
1,10,0,P,47104,104861,1,21357,8/1/2017,-13749.75,0,0,80117,1120404,          ,N,PY,US ,1,-13749.75,0,0,-13749.75,0,8/1/2017,135216,LAURA     ,LAURA     ,0,0,0,0,0,0,0,0001-01-01
1,10,0,P,47104,104862,1,21357,8/1/2017,-12916.8,0,0,80117,1120404,          ,N,PY,US ,1,-12916.8,0,0,-12916.8,0,8/1/2017,135216,LAURA     ,LAURA     ,0,0,0,0,0,0,0,0001-01-01
1,10,0,P,47104,104863,1,21357,8/1/2017,-12127.5,0,0,80117,1120404,          ,N,PY,US ,1,-12127.5,0,0,-12127.5,0,8/1/2017,135216,LAURA     ,LAURA     ,0,0,0,0,0,0,0,0001-01-01
1,10,0,P,47104,104864,1,21357,8/1/2017,-75146.4,0,0,80117,1120404,          ,N,PY,US ,1,-75146.4,0,0,-75146.4,0,8/1/2017,135216,LAURA     ,LAURA     ,0,0,0,0,0,0,0,0001-01-01
1,10,0,P,47105,104827,1,21357,8/1/2017,-9184.9,0,0,80117,1120404,          ,N,PY,US ,1,-9184.9,0,0,-9184.9,0,8/1/2017,135312,LAURA     ,LAURA     ,0,0,0,0,0,0,0,0001-01-01
1,10,0,P,47105,104828,1,21357,8/1/2017,-9675.15,0,0,80117,1120404,          ,N,PY,US ,1,-9675.15,0,0,-9675.15,0,8/1/2017,135312,LAURA     ,LAURA     ,0,0,0,0,0,0,0,0001-01-01
1,10,0,P,47105,104829,1,21357,8/1/2017,-351.9,0,0,80117,1120404,          ,N,PY,US ,1,-351.9,0,0,-351.9,0,8/1/2017,135312,LAURA     ,LAURA     ,0,0,0,0,0,0,0,0001-01-01
1,10,0,P,47105,104830,1,21357,8/1/2017,-2004.75,0,0,80117,1120404,          ,N,PY,US ,1,-2004.75,0,0,-2004.75,0,8/1/2017,135312,LAURA     ,LAURA     ,0,0,0,0,0,0,0,0001-01-01
1,10,0,P,47105,104843,1,21357,8/1/2017,-2256.8,0,0,80117,1120404,          ,N,PY,US ,1,-2256.8,0,0,-2256.8,0,8/1/2017,135312,LAURA     ,LAURA     ,0,0,0,0,0,0,0,0001-01-01
1,10,0,P,47105,104844,1,21357,8/1/2017,-2079.6,0,0,80117,1120404,          ,N,PY,US ,1,-2079.6,0,0,-2079.6,0,8/1/2017,135312,LAURA     ,LAURA     ,0,0,0,0,0,0,0,0001-01-01
1,10,0,P,47105,104845,1,21357,8/1/2017,-2538.25,0,0,80117,1120404,          ,N,PY,US ,1,-2538.25,0,0,-2538.25,0,8/1/2017,135312,LAURA     ,LAURA     ,0,0,0,0,0,0,0,0001-01-01
1,10,0,P,47105,104846,1,21357,8/1/2017,-2491.45,0,0,80117,1120404,          ,N,PY,US ,1,-2491.45,0,0,-2491.45,0,8/1/2017,135312,LAURA     ,LAURA     ,0,0,0,0,0,0,0,0001-01-01
1,10,0,P,47105,104847,1,21357,8/1/2017,-2333.1,0,0,80117,1120404,          ,N,PY,US ,1,-2333.1,0,0,-2333.1,0,8/1/2017,135312,LAURA     ,LAURA     ,0,0,0,0,0,0,0,0001-01-01
1,10,0,P,71801,104912,1,21358,8/1/2017,-3272,0,0,284015,1120404,          ,N,PY,US ,1,-3272,0,0,-3272,0,8/1/2017,142202,LAURA     ,LAURA     ,0,0,0,0,0,0,0,0001-01-01
1,10,0,P,81800,104567,1,21358,8/1/2017,-10500,0,0,249376,1120404,          ,N,PY,US ,1,-10500,0,0,-10500,0,8/1/2017,142156,LAURA     ,LAURA     ,0,0,0,0,0,0,0,0001-01-01
1,10,0,P,169002,104946,1,21360,8/2/2017,-16315.5,0,0,611074,1120404,          ,N,PY,US ,1,-16315.5,0,0,-16315.5,0,8/2/2017,135324,LAURA     ,LAURA     ,0,0,0,0,0,0,0,0001-01-01
1,10,0,P,345000,104754,1,21361,8/2/2017,-8087,0,0,80217,1120404,          ,N,PY,US ,1,-8087,0,0,-8087,0,8/2/2017,135456,LAURA     ,LAURA     ,0,0,0,0,0,0,0,0001-01-01
1,10,0,A,345000,104754,2,21361,8/2/2017,-21,0,0,80217,4180000,          ,N,  ,US ,1,-21,0,0,-21,0,8/2/2017,135456,LAURA     ,LAURA     ,0,0,0,0,0,0,0,0001-01-01
1,10,0,P,345000,104755,1,21361,8/2/2017,-11952,0,0,80217,1120404,          ,N,PY,US ,1,-11952,0,0,-11952,0,8/2/2017,135456,LAURA     ,LAURA     ,0,0,0,0,0,0,0,0001-01-01
1,10,0,P,345000,104756,1,21361,8/2/2017,-7968,0,0,80217,1120404,          ,N,PY,US ,1,-7968,0,0,-7968,0,8/2/2017,135456,LAURA     ,LAURA     ,0,0,0,0,0,0,0,0001-01-01
1,10,0,P,345000,104757,1,21361,8/2/2017,-4054,0,0,80217,1120404,          ,N,PY,US ,1,-4054,0,0,-4054,0,8/2/2017,135456,LAURA     ,LAURA     ,0,0,0,0,0,0,0,0001-01-01
1,10,0,P,412500,104465,1,21364,8/3/2017,-1596,0,0,80317,1120404,          ,N,PY,US ,1,-1596,0,0,-1596,0,8/3/2017,151232,LAURA     ,LAURA     ,0,0,0,0,0,0,0,0001-01-01
